-- Adminer 4.6.3 MySQL dump

SET NAMES utf8;
SET time_zone = '+00:00';
SET foreign_key_checks = 0;
SET sql_mode = 'NO_AUTO_VALUE_ON_ZERO';

SET NAMES utf8mb4;

DROP TABLE IF EXISTS `admissions`;
CREATE TABLE `admissions` (
  `id` int(10) unsigned NOT NULL AUTO_INCREMENT,
  `creator_id` int(10) unsigned DEFAULT NULL,
  `updater_id` int(10) unsigned DEFAULT NULL,
  `created_at` timestamp NULL DEFAULT NULL,
  `updated_at` timestamp NULL DEFAULT NULL,
  `deleted_at` timestamp NULL DEFAULT NULL,
  `name` varchar(191) COLLATE utf8mb4_unicode_ci NOT NULL COMMENT 'admission name.',
  `description` longtext COLLATE utf8mb4_unicode_ci NOT NULL COMMENT 'admission description.',
  `institute_id` int(10) unsigned NOT NULL COMMENT 'institutes',
  `faculty_id` int(10) unsigned NOT NULL COMMENT 'faculties',
  PRIMARY KEY (`id`),
  KEY `admissions_institute_id_index` (`institute_id`),
  KEY `admissions_faculty_id_index` (`faculty_id`)
) ENGINE=InnoDB DEFAULT CHARSET=utf8mb4 COLLATE=utf8mb4_unicode_ci;

INSERT INTO `admissions` (`id`, `creator_id`, `updater_id`, `created_at`, `updated_at`, `deleted_at`, `name`, `description`, `institute_id`, `faculty_id`) VALUES
(2,	NULL,	NULL,	'2018-09-17 00:42:22',	'2018-09-17 04:03:08',	NULL,	'Raval Ashutosh m',	'<p>xyz</p>',	1,	1);

DROP TABLE IF EXISTS `basic_pages`;
CREATE TABLE `basic_pages` (
  `id` int(10) unsigned NOT NULL AUTO_INCREMENT,
  `creator_id` int(10) unsigned DEFAULT NULL,
  `updater_id` int(10) unsigned DEFAULT NULL,
  `created_at` timestamp NULL DEFAULT NULL,
  `updated_at` timestamp NULL DEFAULT NULL,
  `deleted_at` timestamp NULL DEFAULT NULL,
  `basic_page_type_id` int(10) unsigned NOT NULL,
  `document_id` int(10) unsigned DEFAULT NULL,
  `title` varchar(191) COLLATE utf8mb4_unicode_ci NOT NULL COMMENT 'Basic page title.',
  `description` longtext COLLATE utf8mb4_unicode_ci NOT NULL COMMENT 'Basic page description.',
  `on_homepage` tinyint(1) NOT NULL DEFAULT 0 COMMENT '0:Inactive 1:Active',
  `slug` longtext COLLATE utf8mb4_unicode_ci DEFAULT NULL,
  `unpublish_date` datetime NOT NULL,
  PRIMARY KEY (`id`)
) ENGINE=InnoDB DEFAULT CHARSET=utf8mb4 COLLATE=utf8mb4_unicode_ci;

INSERT INTO `basic_pages` (`id`, `creator_id`, `updater_id`, `created_at`, `updated_at`, `deleted_at`, `basic_page_type_id`, `document_id`, `title`, `description`, `on_homepage`, `slug`, `unpublish_date`) VALUES
(47,	NULL,	NULL,	'2018-09-14 05:35:25',	'2018-09-14 05:35:25',	NULL,	3,	NULL,	'First Title',	'Awareded a \'Public Choice Award\' under Interface between Inducatry Academia Category for the project Industry Academia Associations for preparing Industry ready employable skilled manpower.',	0,	'first-title',	'0000-00-00 00:00:00'),
(48,	NULL,	NULL,	'2018-09-14 05:35:25',	'2018-09-14 05:35:25',	NULL,	2,	NULL,	'Second Title',	'Awareded a \'Public Choice Award\' under Interface between Inducatry Academia Category for the project Industry Academia Associations for preparing Industry ready employable skilled manpower.',	0,	'second-title',	'0000-00-00 00:00:00'),
(49,	NULL,	NULL,	'2018-09-14 05:35:25',	'2018-09-14 05:35:25',	NULL,	1,	NULL,	'Third Title',	'Awareded a \'Public Choice Award\' under Interface between Inducatry Academia Category for the project Industry Academia Associations for preparing Industry ready employable skilled manpower.',	0,	'third-title',	'0000-00-00 00:00:00'),
(50,	NULL,	NULL,	'2018-09-14 05:35:25',	'2018-09-14 05:35:25',	NULL,	4,	NULL,	'Forth Title',	'Awareded a \'Public Choice Award\' under Interface between Inducatry Academia Category for the project Industry Academia Associations for preparing Industry ready employable skilled manpower.',	0,	'forth-title',	'0000-00-00 00:00:00'),
(51,	NULL,	NULL,	'2018-09-14 05:35:25',	'2018-09-14 05:35:25',	NULL,	1,	NULL,	'Five Title',	'Awareded a \'Public Choice Award\' under Interface between Inducatry Academia Category for the project Industry Academia Associations for preparing Industry ready employable skilled manpower skilled manpower.',	0,	'five-title',	'0000-00-00 00:00:00');

DROP TABLE IF EXISTS `basic_page_media`;
CREATE TABLE `basic_page_media` (
  `id` int(10) unsigned NOT NULL AUTO_INCREMENT,
  `creator_id` int(10) unsigned DEFAULT NULL,
  `updater_id` int(10) unsigned DEFAULT NULL,
  `created_at` timestamp NULL DEFAULT NULL,
  `updated_at` timestamp NULL DEFAULT NULL,
  `deleted_at` timestamp NULL DEFAULT NULL,
  `basic_page_id` int(11) NOT NULL,
  `media_id` int(11) NOT NULL,
  PRIMARY KEY (`id`)
) ENGINE=InnoDB DEFAULT CHARSET=utf8mb4 COLLATE=utf8mb4_unicode_ci;


DROP TABLE IF EXISTS `campus_lifes`;
CREATE TABLE `campus_lifes` (
  `id` int(10) unsigned NOT NULL AUTO_INCREMENT,
  `creator_id` int(10) unsigned DEFAULT NULL,
  `updater_id` int(10) unsigned DEFAULT NULL,
  `created_at` timestamp NULL DEFAULT NULL,
  `updated_at` timestamp NULL DEFAULT NULL,
  `institute_id` int(10) unsigned NOT NULL COMMENT 'Institude id',
  `title` longtext COLLATE utf8mb4_unicode_ci NOT NULL COMMENT 'Campus Life Title',
  `description` longtext COLLATE utf8mb4_unicode_ci NOT NULL COMMENT 'Campus Life description',
  `slug` longtext COLLATE utf8mb4_unicode_ci NOT NULL,
  PRIMARY KEY (`id`)
) ENGINE=InnoDB DEFAULT CHARSET=utf8mb4 COLLATE=utf8mb4_unicode_ci;

INSERT INTO `campus_lifes` (`id`, `creator_id`, `updater_id`, `created_at`, `updated_at`, `institute_id`, `title`, `description`, `slug`) VALUES
(1,	NULL,	NULL,	'2018-09-17 00:58:22',	'2018-09-17 00:58:22',	1,	'How to Reach',	'<p>Directions from Sardar Vallabhbhai Patel International Airport, Airport Road, Sardar Nagar, Hansol, Ahmedabad, Gujarat, 380003 to Shree S.K.Patel College of Pharmaceiutical Education and Research,Ganpat University., S.K.Patel College Of Pharmcy Ganpat Vidyanagar, Mehsana-Gozaria Highway Mehsana - 382711, INDIA</p>',	'how-to-reach');

DROP TABLE IF EXISTS `campus_media`;
CREATE TABLE `campus_media` (
  `id` int(10) unsigned NOT NULL AUTO_INCREMENT,
  `creator_id` int(10) unsigned DEFAULT NULL,
  `updater_id` int(10) unsigned DEFAULT NULL,
  `created_at` timestamp NULL DEFAULT NULL,
  `updated_at` timestamp NULL DEFAULT NULL,
  `campus_life_id` int(11) NOT NULL,
  `media_id` int(11) NOT NULL,
  `is_featured` tinyint(1) NOT NULL DEFAULT 0 COMMENT '0:not featured 1:to display in home page',
  PRIMARY KEY (`id`)
) ENGINE=InnoDB DEFAULT CHARSET=utf8mb4 COLLATE=utf8mb4_unicode_ci;

INSERT INTO `campus_media` (`id`, `creator_id`, `updater_id`, `created_at`, `updated_at`, `campus_life_id`, `media_id`, `is_featured`) VALUES
(2,	NULL,	NULL,	NULL,	NULL,	1,	14,	0);

DROP TABLE IF EXISTS `courses`;
CREATE TABLE `courses` (
  `id` int(10) unsigned NOT NULL AUTO_INCREMENT,
  `creator_id` int(10) unsigned DEFAULT NULL,
  `updater_id` int(10) unsigned DEFAULT NULL,
  `created_at` timestamp NULL DEFAULT NULL,
  `updated_at` timestamp NULL DEFAULT NULL,
  `institute_id` int(11) NOT NULL,
  `faculty_id` int(11) NOT NULL,
  `stream_id` int(11) NOT NULL,
  `name` varchar(191) COLLATE utf8mb4_unicode_ci NOT NULL,
  `description` longtext COLLATE utf8mb4_unicode_ci DEFAULT NULL,
  `intakes` int(11) DEFAULT NULL,
  `tuition_fees` double NOT NULL DEFAULT 0,
  `contact_number` varchar(191) COLLATE utf8mb4_unicode_ci NOT NULL,
  `important_dates` longtext COLLATE utf8mb4_unicode_ci NOT NULL,
  `eligibility` longtext COLLATE utf8mb4_unicode_ci DEFAULT NULL,
  `scholarship` longtext COLLATE utf8mb4_unicode_ci DEFAULT NULL,
  `mode_of_admission` longtext COLLATE utf8mb4_unicode_ci DEFAULT NULL,
  `media_id` int(11) DEFAULT NULL,
  `is_featured` tinyint(1) NOT NULL DEFAULT 0,
  PRIMARY KEY (`id`)
) ENGINE=InnoDB DEFAULT CHARSET=utf8mb4 COLLATE=utf8mb4_unicode_ci;

INSERT INTO `courses` (`id`, `creator_id`, `updater_id`, `created_at`, `updated_at`, `institute_id`, `faculty_id`, `stream_id`, `name`, `description`, `intakes`, `tuition_fees`, `contact_number`, `important_dates`, `eligibility`, `scholarship`, `mode_of_admission`, `media_id`, `is_featured`) VALUES
(1,	NULL,	NULL,	'2018-09-14 07:37:40',	'2018-09-14 07:37:40',	1,	1,	2,	'Computer Science and Engineering (CSE)',	'Computer Science Engineering (CSE) encompasses a variety of topics that relates to computation, like analysis of algorithms, programming languages, program design, software, and computer hardware.',	45,	5000,	'7405389934,7600736537,8980116189',	'{\"Online Application\":\"2018-01-11\",\"Short-listing round\":\"2018-02-21\",\"Last date for Payment\":\"2018-04-14\",\"Resuffling Round\":\"2018-02-25\",\"Programme Start Date\":\"2018-04-14\"}',	'Pass with 50% aggregate marks in 10th (with Mathematics, Science and English) or equivalent.\nFor a candidate, who has not studied English as a subject, the condition of English may be waived off provided the candidate in his qualifying exam has studied in English medium.',	'Scholarship on the basis of Performance in Sports, Cultural, R&D, Co-curricular and Social Service Bravery Awards. ',	'These seats shall be filled-in by the candidates who have passed 12th Science Examination with above mentioned subjects from the school located in India (including Gujarat State) on the basis of All India Rank (AIR) of JEE (Main)-2017.',	NULL,	0),
(2,	NULL,	NULL,	'2018-09-14 07:37:40',	'2018-09-14 07:37:40',	1,	1,	3,	'Electrical Engineering (EE)',	'The Department of Electrical Engineering is a blend of teaching and research activities pertaining to both Electronics and Electrical Engineering. At present the Department offers B. Tech. and PhD degrees. The diversity is reflected in the breadth of theoretical and laboratory courses that are on offer and the research .',	30,	5000,	'892245623,7405389934',	'{\"Online Application\":\"2018-02-11\",\"Short-listing round\":\"2018-02-21\",\"Last date for Payment\":\"2018-04-14\",\"Resuffling Round\":\"2018-02-25\",\"Programme Start Date\":\"2018-04-14\"}',	'Pass with 50% aggregate marks in 10th (with Mathematics, Science and English) or equivalent.\nFor a candidate, who has not studied English as a subject, the condition of English may be waived off provided the candidate in his qualifying exam has studied in English medium.',	'Scholarship on the basis of Performance in Sports, Cultural, R&D, Co-curricular and Social Service Bravery Awards. ',	'These seats shall be filled-in by the candidates who have passed 12th Science Examination with above mentioned subjects from the school located in India (including Gujarat State) on the basis of All India Rank (AIR) of JEE (Main)-2017.',	NULL,	0),
(3,	NULL,	NULL,	'2018-09-14 07:37:40',	'2018-09-14 07:37:40',	1,	2,	4,	'Fashion',	'Fashion is a popular style or practice, especially inclothing, footwear, accessories, makeup, hairstyle and body. Fashion is a distinctive and often constant trend in the style in which a person dresses. It is the prevailing styles in behaviour and the newest creations of textile designers.',	20,	2500,	'7405389934',	'{\"Online Application\":\"2018-01-18\",\"Short-listing round\":\"2018-02-21\",\"Last date for Payment\":\"2018-04-14\",\"Resuffling Round\":\"2018-02-25\",\"Programme Start Date\":\"2018-04-14\"}',	'Pass with 50% aggregate marks in 10th (with Mathematics, Science and English) or equivalent.\nFor a candidate, who has not studied English as a subject, the condition of English may be waived off provided the candidate in his qualifying exam has studied in English medium.',	'Scholarship on the basis of Performance in Sports, Cultural, R&D, Co-curricular and Social Service Bravery Awards. ',	'These seats shall be filled-in by the candidates who have passed 12th Science Examination with above mentioned subjects from the school located in India (including Gujarat State) on the basis of All India Rank (AIR) of JEE (Main)-2017.',	NULL,	0),
(4,	NULL,	NULL,	'2018-09-14 07:37:40',	'2018-09-14 07:37:40',	2,	1,	5,	'Information Technology (IT)',	'Regardless of the sector they work in, IT specialists usually provide similar services related to software, hardware, databases, Web resources, networks and enterprise systems. Duties of an information technology specialist can include network management, software development and database administration.',	50,	2500,	'7600736537,89752162',	'{\"Online Application\":\"2018-01-11\",\"Short-listing round\":\"2018-02-21\",\"Last date for Payment\":\"2018-04-14\",\"Resuffling Round\":\"2018-02-25\",\"Programme Start Date\":\"2018-04-14\"}',	'Pass with 50% aggregate marks in 10th (with Mathematics, Science and English) or equivalent.\nFor a candidate, who has not studied English as a subject, the condition of English may be waived off provided the candidate in his qualifying exam has studied in English medium.',	'Scholarship on the basis of Performance in Sports, Cultural, R&D, Co-curricular and Social Service Bravery Awards. ',	'These seats shall be filled-in by the candidates who have passed 12th Science Examination with above mentioned subjects from the school located in India (including Gujarat State) on the basis of All India Rank (AIR) of JEE (Main)-2017.',	NULL,	0),
(5,	NULL,	NULL,	'2018-09-14 07:37:40',	'2018-09-14 07:37:40',	1,	3,	6,	' Botany',	'Botany is the scientific study of plants. \"Plants,\" to most people, means a wide range of living organisms from the smallest bacteria to the largest living things - the giant sequoia trees. By this definition plants include: algae, fungi, lichens, mosses, ferns, conifers and flowering plants.',	60,	2500,	'7405389934,785469845',	'{\"Online Application\":\"2018-01-19\",\"Short-listing round\":\"2018-02-21\",\"Last date for Payment\":\"2018-04-14\",\"Resuffling Round\":\"2018-02-25\",\"Programme Start Date\":\"2018-04-14\"}',	'Pass with 50% aggregate marks in 10th (with Mathematics, Science and English) or equivalent.\nFor a candidate, who has not studied English as a subject, the condition of English may be waived off provided the candidate in his qualifying exam has studied in English medium.',	'Scholarship on the basis of Performance in Sports, Cultural, R&D, Co-curricular and Social Service Bravery Awards. ',	'These seats shall be filled-in by the candidates who have passed 12th Science Examination with above mentioned subjects from the school located in India (including Gujarat State) on the basis of All India Rank (AIR) of JEE (Main)-2017.',	NULL,	0),
(6,	NULL,	NULL,	'2018-09-14 07:37:40',	'2018-09-14 07:37:40',	1,	3,	7,	'Zoology',	'Zoologist or Wildlife Biologist. Zoologists and wildlife biologists study animals and other wildlife, and how they interact with their ecosystems. They study the physical characteristics of animals, animal behaviors, and the impacts humans have on wildlife and natural habitats.',	90,	3500,	'7405389934,598555',	'{\"Online Application\":\"2018-01-31\",\"Short-listing round\":\"2018-02-21\",\"Last date for Payment\":\"2018-04-14\",\"Resuffling Round\":\"2018-02-25\",\"Programme Start Date\":\"2018-04-14\"}',	'Pass with 50% aggregate marks in 10th (with Mathematics, Science and English) or equivalent.\nFor a candidate, who has not studied English as a subject, the condition of English may be waived off provided the candidate in his qualifying exam has studied in English medium.',	'Scholarship on the basis of Performance in Sports, Cultural, R&D, Co-curricular and Social Service Bravery Awards. ',	'These seats shall be filled-in by the candidates who have passed 12th Science Examination with above mentioned subjects from the school located in India (including Gujarat State) on the basis of All India Rank (AIR) of JEE (Main)-2017.',	NULL,	0),
(7,	NULL,	NULL,	'2018-09-14 07:37:40',	'2018-09-14 07:37:40',	1,	1,	8,	'Mechanical Engineering (ME)',	'Mechanical engineering is the discipline that applies engineering, physics, and materials science principles to design, analyze, manufacture, and maintain mechanical systems. It is one of the oldest and broadest of the engineering disciplines. The mechanical engineering field requires an understanding of core areas',	35,	3500,	'7405389934',	'{\"Online Application\":\"2018-01-11\",\"Short-listing round\":\"2018-02-21\",\"Last date for Payment\":\"2018-04-14\",\"Resuffling Round\":\"2018-02-25\",\"Programme Start Date\":\"2018-04-14\"}',	'Pass with 50% aggregate marks in 10th (with Mathematics, Science and English) or equivalent.\nFor a candidate, who has not studied English as a subject, the condition of English may be waived off provided the candidate in his qualifying exam has studied in English medium.',	'Scholarship on the basis of Performance in Sports, Cultural, R&D, Co-curricular and Social Service Bravery Awards. ',	'These seats shall be filled-in by the candidates who have passed 12th Science Examination with above mentioned subjects from the school located in India (including Gujarat State) on the basis of All India Rank (AIR) of JEE (Main)-2017.',	NULL,	0),
(8,	NULL,	NULL,	'2018-09-14 07:37:40',	'2018-09-14 07:37:40',	1,	2,	9,	' Interior and Furniture',	'In selecting and arranging furniture, interior designers integrate a vast body of knowledge. History is one of their information sources. ... Identifying furniturestyles is critical for interior designers as they design for different client tastes and styles in a variety of contexts and usage.',	25,	2500,	'7600736537',	'{\"Online Application\":\"2018-01-20\",\"Short-listing round\":\"2018-02-21\",\"Last date for Payment\":\"2018-04-14\",\"Resuffling Round\":\"2018-02-25\",\"Programme Start Date\":\"2018-04-14\"}',	'Pass with 50% aggregate marks in 10th (with Mathematics, Science and English) or equivalent.\nFor a candidate, who has not studied English as a subject, the condition of English may be waived off provided the candidate in his qualifying exam has studied in English medium.',	'Scholarship on the basis of Performance in Sports, Cultural, R&D, Co-curricular and Social Service Bravery Awards. ',	'These seats shall be filled-in by the candidates who have passed 12th Science Examination with above mentioned subjects from the school located in India (including Gujarat State) on the basis of All India Rank (AIR) of JEE (Main)-2017.',	NULL,	0),
(9,	NULL,	NULL,	'2018-09-14 07:37:40',	'2018-09-14 07:37:40',	1,	2,	10,	' Product and Industrial',	'Product design is sometimes confused with (and certainly overlaps with) industrial design, and has recently become a broad term inclusive of service, software, and physical product design. Industrialdesign is concerned with bringing artistic form and usability, usually associated with craft design and ergonomics, together\n',	25,	2500,	'7405389934,8954555',	'{\"Online Application\":\"2018-01-22\",\"Short-listing round\":\"2018-02-21\",\"Last date for Payment\":\"2018-04-14\",\"Resuffling Round\":\"2018-02-25\",\"Programme Start Date\":\"2018-04-14\"}',	'Pass with 50% aggregate marks in 10th (with Mathematics, Science and English) or equivalent.\nFor a candidate, who has not studied English as a subject, the condition of English may be waived off provided the candidate in his qualifying exam has studied in English medium.',	'Scholarship on the basis of Performance in Sports, Cultural, R&D, Co-curricular and Social Service Bravery Awards. ',	'These seats shall be filled-in by the candidates who have passed 12th Science Examination with above mentioned subjects from the school located in India (including Gujarat State) on the basis of All India Rank (AIR) of JEE (Main)-2017.',	NULL,	0),
(10,	NULL,	NULL,	'2018-09-14 07:37:40',	'2018-09-14 07:37:40',	1,	1,	11,	' Food Technology',	'Food technologist: job description. Food technologists are responsible for the safe and efficient development, modification and manufacture of food products and processes. Food technologists plan recipes and manage their production on a large scale.',	34,	5500,	'7600736537,5465852',	'{\"Online Application\":\"2018-01-25\",\"Short-listing round\":\"2018-02-21\",\"Last date for Payment\":\"2018-04-14\",\"Resuffling Round\":\"2018-02-25\",\"Programme Start Date\":\"2018-04-14\"}',	'Pass with 50% aggregate marks in 10th (with Mathematics, Science and English) or equivalent.\nFor a candidate, who has not studied English as a subject, the condition of English may be waived off provided the candidate in his qualifying exam has studied in English medium.',	'Scholarship on the basis of Performance in Sports, Cultural, R&D, Co-curricular and Social Service Bravery Awards. ',	'These seats shall be filled-in by the candidates who have passed 12th Science Examination with above mentioned subjects from the school located in India (including Gujarat State) on the basis of All India Rank (AIR) of JEE (Main)-2017.',	NULL,	0),
(11,	NULL,	NULL,	'2018-09-14 07:37:40',	'2018-09-14 07:37:40',	1,	3,	12,	'Mathematics',	'Mathematics (from Greek &mu;ά&theta;&eta;&mu;&alpha; m&aacute;thēma, \"knowledge, study, learning\") is the study of topics such as quantity (numbers), structure, space, and change. There are many views among mathematicians and philosophers as to the exact scope anddefinition of mathematics.',	43,	4500,	'7405389934,8965455',	'{\"Online Application\":\"2018-01-29\",\"Short-listing round\":\"2018-02-21\",\"Last date for Payment\":\"2018-04-14\",\"Resuffling Round\":\"2018-02-25\",\"Programme Start Date\":\"2018-04-14\"}',	'Pass with 50% aggregate marks in 10th (with Mathematics, Science and English) or equivalent.\nFor a candidate, who has not studied English as a subject, the condition of English may be waived off provided the candidate in his qualifying exam has studied in English medium.',	'Scholarship on the basis of Performance in Sports, Cultural, R&D, Co-curricular and Social Service Bravery Awards. ',	'These seats shall be filled-in by the candidates who have passed 12th Science Examination with above mentioned subjects from the school located in India (including Gujarat State) on the basis of All India Rank (AIR) of JEE (Main)-2017.',	NULL,	0),
(12,	NULL,	NULL,	'2018-09-14 07:37:40',	'2018-09-14 07:37:40',	1,	3,	13,	'Chemistry',	'This course continues the systematic study of the theories, principles, and techniques of organic chemistry. Topics include nomenclature, structure, properties, reactions, and mechanisms of aromatics, aldehydes, ketones, carboxylic acids and derivatives, amines, and heterocyclics.',	25,	2500,	'7405389934,89753245',	'{\"Online Application\":\"2018-01-11\",\"Short-listing round\":\"2018-02-21\",\"Last date for Payment\":\"2018-04-14\",\"Resuffling Round\":\"2018-02-25\",\"Programme Start Date\":\"2018-04-14\"}',	'Pass with 50% aggregate marks in 10th (with Mathematics, Science and English) or equivalent.\nFor a candidate, who has not studied English as a subject, the condition of English may be waived off provided the candidate in his qualifying exam has studied in English medium.',	'Scholarship on the basis of Performance in Sports, Cultural, R&D, Co-curricular and Social Service Bravery Awards. ',	'These seats shall be filled-in by the candidates who have passed 12th Science Examination with above mentioned subjects from the school located in India (including Gujarat State) on the basis of All India Rank (AIR) of JEE (Main)-2017.',	NULL,	0),
(13,	NULL,	NULL,	'2018-09-14 07:37:40',	'2018-09-14 07:37:40',	1,	1,	11,	'Technology  Food ',	'Food technologist: job description. Food technologists are responsible for the safe and efficient development, modification and manufacture of food products and processes. Food technologists plan recipes and manage their production on a large scale.',	34,	5500,	'7600736537,5465852',	'{\"Online Application\":\"2018-01-25\",\"Short-listing round\":\"2018-02-21\",\"Last date for Payment\":\"2018-04-14\",\"Resuffling Round\":\"2018-02-25\",\"Programme Start Date\":\"2018-04-14\"}',	'Pass with 50% aggregate marks in 10th (with Mathematics, Science and English) or equivalent.\nFor a candidate, who has not studied English as a subject, the condition of English may be waived off provided the candidate in his qualifying exam has studied in English medium.',	'Scholarship on the basis of Performance in Sports, Cultural, R&D, Co-curricular and Social Service Bravery Awards. ',	'These seats shall be filled-in by the candidates who have passed 12th Science Examination with above mentioned subjects from the school located in India (including Gujarat State) on the basis of All India Rank (AIR) of JEE (Main)-2017.',	NULL,	0),
(14,	NULL,	NULL,	'2018-09-14 07:37:40',	'2018-09-14 07:37:40',	1,	1,	11,	'Technology  Food ',	'Food technologist: job description. Food technologists are responsible for the safe and efficient development, modification and manufacture of food products and processes. Food technologists plan recipes and manage their production on a large scale.',	34,	550000,	'7600736537,5465852',	'{\"Online Application\":\"2018-01-25\",\"Short-listing round\":\"2018-02-21\",\"Last date for Payment\":\"2018-04-14\",\"Resuffling Round\":\"2018-02-25\",\"Programme Start Date\":\"2018-04-14\"}',	'Pass with 50% aggregate marks in 10th (with Mathematics, Science and English) or equivalent.\nFor a candidate, who has not studied English as a subject, the condition of English may be waived off provided the candidate in his qualifying exam has studied in English medium.',	'Scholarship on the basis of Performance in Sports, Cultural, R&D, Co-curricular and Social Service Bravery Awards. ',	'These seats shall be filled-in by the candidates who have passed 12th Science Examination with above mentioned subjects from the school located in India (including Gujarat State) on the basis of All India Rank (AIR) of JEE (Main)-2017.',	NULL,	0);

DROP TABLE IF EXISTS `degrees`;
CREATE TABLE `degrees` (
  `id` int(10) unsigned NOT NULL AUTO_INCREMENT,
  `creator_id` int(10) unsigned DEFAULT NULL,
  `updater_id` int(10) unsigned DEFAULT NULL,
  `created_at` timestamp NULL DEFAULT NULL,
  `updated_at` timestamp NULL DEFAULT NULL,
  `deleted_at` timestamp NULL DEFAULT NULL,
  `name` varchar(191) COLLATE utf8mb4_unicode_ci NOT NULL COMMENT 'Degree name',
  `priority` int(11) NOT NULL DEFAULT 0 COMMENT 'Priority for Degree to be displayed',
  PRIMARY KEY (`id`),
  UNIQUE KEY `degrees_name_unique` (`name`)
) ENGINE=InnoDB DEFAULT CHARSET=utf8mb4 COLLATE=utf8mb4_unicode_ci;

INSERT INTO `degrees` (`id`, `creator_id`, `updater_id`, `created_at`, `updated_at`, `deleted_at`, `name`, `priority`) VALUES
(1,	NULL,	NULL,	'2018-09-14 07:22:41',	'2018-09-17 03:27:11',	NULL,	'BE',	1);

DROP TABLE IF EXISTS `events`;
CREATE TABLE `events` (
  `id` int(10) unsigned NOT NULL AUTO_INCREMENT,
  `creator_id` int(10) unsigned DEFAULT NULL,
  `updater_id` int(10) unsigned DEFAULT NULL,
  `created_at` timestamp NULL DEFAULT NULL,
  `updated_at` timestamp NULL DEFAULT NULL,
  `institute_id` int(10) unsigned NOT NULL COMMENT 'Institude id',
  `faculty_id` int(10) unsigned NOT NULL COMMENT 'faculty id',
  `title` varchar(191) COLLATE utf8mb4_unicode_ci NOT NULL COMMENT 'Event title',
  `description` longtext COLLATE utf8mb4_unicode_ci NOT NULL COMMENT 'Event description',
  `sort_description` longtext COLLATE utf8mb4_unicode_ci NOT NULL COMMENT 'Event sort description',
  `venue` longtext COLLATE utf8mb4_unicode_ci NOT NULL COMMENT 'Event vanue',
  `event_date` datetime NOT NULL COMMENT 'Event date',
  `schedule` longtext COLLATE utf8mb4_unicode_ci NOT NULL COMMENT 'Event schedule',
  `registration_link` longtext COLLATE utf8mb4_unicode_ci NOT NULL COMMENT 'Registraion link for event',
  `mobile` longtext COLLATE utf8mb4_unicode_ci NOT NULL,
  `email` varchar(191) COLLATE utf8mb4_unicode_ci DEFAULT NULL,
  `priority` int(11) NOT NULL DEFAULT 0 COMMENT 'Priority for Event to be displayed',
  `slug` longtext COLLATE utf8mb4_unicode_ci DEFAULT NULL,
  `total_participants` int(11) DEFAULT NULL,
  PRIMARY KEY (`id`)
) ENGINE=InnoDB DEFAULT CHARSET=utf8mb4 COLLATE=utf8mb4_unicode_ci;

INSERT INTO `events` (`id`, `creator_id`, `updater_id`, `created_at`, `updated_at`, `institute_id`, `faculty_id`, `title`, `description`, `sort_description`, `venue`, `event_date`, `schedule`, `registration_link`, `mobile`, `email`, `priority`, `slug`, `total_participants`) VALUES
(10,	NULL,	NULL,	'2018-09-13 18:30:00',	'2018-09-17 03:11:37',	1,	1,	'GNU Technical Festival',	'Students and the public are invited to attend this weekly discussion of recent political events',	'Students and the public are invited to attend this weekly discussion of recent political events',	'Seminar Hall',	'0000-00-00 00:00:00',	'[{\"scheduleDate\":null,\"scheduleTitle\":null,\"scheduleDescription\":null}]',	'www.gnu.ac.in',	'+91-9978913695',	'gnu@gmail.com',	0,	'gnu-technical-festival',	NULL),
(11,	NULL,	NULL,	'2018-09-13 18:30:00',	'2018-09-13 18:30:00',	1,	1,	'Blood Donation Camp',	'Students and the public are invited to attend this weekly discussion of recent political events',	'Students and the public are invited to attend this weekly discussion of recent political events',	'Seminar Hall',	'0000-00-00 00:00:00',	'[{\"scheduleDate\":\"s\",\"scheduleTitle\":\"c\",\"scheduleDescription\":\"h\"},{\"scheduleDate\":\"s\",\"scheduleTitle\":\"c\",\"scheduleDescription\":\"h\"},{\"scheduleDate\":\"s\",\"scheduleTitle\":\"c\",\"scheduleDescription\":\"h\"},{\"scheduleDate\":\"s\",\"scheduleTitle\":\"c\",\"scheduleDescription\":\"h\"},{\"scheduleDate\":\"s\",\"scheduleTitle\":\"c\",\"scheduleDescription\":\"h\"},{\"scheduleDate\":\"s\",\"scheduleTitle\":\"c\",\"scheduleDescription\":\"h\"},{\"scheduleDate\":\"s\",\"scheduleTitle\":\"c\",\"scheduleDescription\":\"h\"},{\"scheduleDate\":\"s\",\"scheduleTitle\":\"c\",\"scheduleDescription\":\"h\"},{\"scheduleDate\":\"s\",\"scheduleTitle\":\"c\",\"scheduleDescription\":\"h\"},{\"scheduleDate\":\"s\",\"scheduleTitle\":\"c\",\"scheduleDescription\":\"h\"},{\"scheduleDate\":\"s\",\"scheduleTitle\":\"c\",\"scheduleDescription\":\"h\"},{\"scheduleDate\":\"s\",\"scheduleTitle\":\"c\",\"scheduleDescription\":\"h\"},{\"scheduleDate\":\"s\",\"scheduleTitle\":\"c\",\"scheduleDescription\":\"h\"},{\"scheduleDate\":\"s\",\"scheduleTitle\":\"c\",\"scheduleDescription\":\"h\"},{\"scheduleDate\":\"s\",\"scheduleTitle\":\"c\",\"scheduleDescription\":\"h\"},{\"scheduleDate\":\"s\",\"scheduleTitle\":\"c\",\"scheduleDescription\":\"h\"}]',	'www.gnu.ac.in',	'',	'gnu@gmail.com',	0,	'blood-donation-camp',	NULL),
(12,	NULL,	NULL,	'2018-09-13 18:30:00',	'2018-09-13 18:30:00',	1,	1,	'Convocation',	'Students and the public are invited to attend this weekly discussion of recent political events',	'Students and the public are invited to attend this weekly discussion of recent political events',	'Ground at GNU',	'0000-00-00 00:00:00',	'[{\"scheduleDate\":\"s\",\"scheduleTitle\":\"c\",\"scheduleDescription\":\"h\"},{\"scheduleDate\":\"s\",\"scheduleTitle\":\"c\",\"scheduleDescription\":\"h\"},{\"scheduleDate\":\"s\",\"scheduleTitle\":\"c\",\"scheduleDescription\":\"h\"},{\"scheduleDate\":\"s\",\"scheduleTitle\":\"c\",\"scheduleDescription\":\"h\"},{\"scheduleDate\":\"s\",\"scheduleTitle\":\"c\",\"scheduleDescription\":\"h\"},{\"scheduleDate\":\"s\",\"scheduleTitle\":\"c\",\"scheduleDescription\":\"h\"},{\"scheduleDate\":\"s\",\"scheduleTitle\":\"c\",\"scheduleDescription\":\"h\"},{\"scheduleDate\":\"s\",\"scheduleTitle\":\"c\",\"scheduleDescription\":\"h\"},{\"scheduleDate\":\"s\",\"scheduleTitle\":\"c\",\"scheduleDescription\":\"h\"},{\"scheduleDate\":\"s\",\"scheduleTitle\":\"c\",\"scheduleDescription\":\"h\"},{\"scheduleDate\":\"s\",\"scheduleTitle\":\"c\",\"scheduleDescription\":\"h\"},{\"scheduleDate\":\"s\",\"scheduleTitle\":\"c\",\"scheduleDescription\":\"h\"},{\"scheduleDate\":\"s\",\"scheduleTitle\":\"c\",\"scheduleDescription\":\"h\"},{\"scheduleDate\":\"s\",\"scheduleTitle\":\"c\",\"scheduleDescription\":\"h\"},{\"scheduleDate\":\"s\",\"scheduleTitle\":\"c\",\"scheduleDescription\":\"h\"},{\"scheduleDate\":\"s\",\"scheduleTitle\":\"c\",\"scheduleDescription\":\"h\"}]',	'www.gnu.ac.in',	'',	'gnu@gmail.com',	0,	'convocation',	NULL),
(13,	NULL,	NULL,	'2018-09-13 18:30:00',	'2018-09-13 18:30:00',	1,	1,	'Youth Festival',	'Students and the public are invited to attend this weekly discussion of recent political events',	'Students and the public are invited to attend this weekly discussion of recent political events',	'Seminar Hall',	'0000-00-00 00:00:00',	'[{\"scheduleDate\":\"s\",\"scheduleTitle\":\"c\",\"scheduleDescription\":\"h\"},{\"scheduleDate\":\"s\",\"scheduleTitle\":\"c\",\"scheduleDescription\":\"h\"},{\"scheduleDate\":\"s\",\"scheduleTitle\":\"c\",\"scheduleDescription\":\"h\"},{\"scheduleDate\":\"s\",\"scheduleTitle\":\"c\",\"scheduleDescription\":\"h\"},{\"scheduleDate\":\"s\",\"scheduleTitle\":\"c\",\"scheduleDescription\":\"h\"},{\"scheduleDate\":\"s\",\"scheduleTitle\":\"c\",\"scheduleDescription\":\"h\"},{\"scheduleDate\":\"s\",\"scheduleTitle\":\"c\",\"scheduleDescription\":\"h\"},{\"scheduleDate\":\"s\",\"scheduleTitle\":\"c\",\"scheduleDescription\":\"h\"},{\"scheduleDate\":\"s\",\"scheduleTitle\":\"c\",\"scheduleDescription\":\"h\"},{\"scheduleDate\":\"s\",\"scheduleTitle\":\"c\",\"scheduleDescription\":\"h\"},{\"scheduleDate\":\"s\",\"scheduleTitle\":\"c\",\"scheduleDescription\":\"h\"},{\"scheduleDate\":\"s\",\"scheduleTitle\":\"c\",\"scheduleDescription\":\"h\"},{\"scheduleDate\":\"s\",\"scheduleTitle\":\"c\",\"scheduleDescription\":\"h\"},{\"scheduleDate\":\"s\",\"scheduleTitle\":\"c\",\"scheduleDescription\":\"h\"},{\"scheduleDate\":\"s\",\"scheduleTitle\":\"c\",\"scheduleDescription\":\"h\"},{\"scheduleDate\":\"s\",\"scheduleTitle\":\"c\",\"scheduleDescription\":\"h\"}]',	'www.gnu.ac.in',	'',	'gnu@gmail.com',	0,	'youth-festival',	NULL),
(14,	NULL,	NULL,	'2018-09-13 18:30:00',	'2018-09-13 18:30:00',	1,	1,	'Book Launch',	'Students and the public are invited to attend this weekly discussion of recent political events',	'Students and the public are invited to attend this weekly discussion of recent political events',	'Seminar Hall',	'0000-00-00 00:00:00',	'[{\"scheduleDate\":\"s\",\"scheduleTitle\":\"c\",\"scheduleDescription\":\"h\"},{\"scheduleDate\":\"s\",\"scheduleTitle\":\"c\",\"scheduleDescription\":\"h\"},{\"scheduleDate\":\"s\",\"scheduleTitle\":\"c\",\"scheduleDescription\":\"h\"},{\"scheduleDate\":\"s\",\"scheduleTitle\":\"c\",\"scheduleDescription\":\"h\"},{\"scheduleDate\":\"s\",\"scheduleTitle\":\"c\",\"scheduleDescription\":\"h\"},{\"scheduleDate\":\"s\",\"scheduleTitle\":\"c\",\"scheduleDescription\":\"h\"},{\"scheduleDate\":\"s\",\"scheduleTitle\":\"c\",\"scheduleDescription\":\"h\"},{\"scheduleDate\":\"s\",\"scheduleTitle\":\"c\",\"scheduleDescription\":\"h\"},{\"scheduleDate\":\"s\",\"scheduleTitle\":\"c\",\"scheduleDescription\":\"h\"},{\"scheduleDate\":\"s\",\"scheduleTitle\":\"c\",\"scheduleDescription\":\"h\"},{\"scheduleDate\":\"s\",\"scheduleTitle\":\"c\",\"scheduleDescription\":\"h\"},{\"scheduleDate\":\"s\",\"scheduleTitle\":\"c\",\"scheduleDescription\":\"h\"},{\"scheduleDate\":\"s\",\"scheduleTitle\":\"c\",\"scheduleDescription\":\"h\"},{\"scheduleDate\":\"s\",\"scheduleTitle\":\"c\",\"scheduleDescription\":\"h\"},{\"scheduleDate\":\"s\",\"scheduleTitle\":\"c\",\"scheduleDescription\":\"h\"},{\"scheduleDate\":\"s\",\"scheduleTitle\":\"c\",\"scheduleDescription\":\"h\"}]',	'www.gnu.ac.in',	'',	'gnu@gmail.com',	0,	'book-launch',	NULL),
(15,	NULL,	NULL,	'2018-09-13 18:30:00',	'2018-09-13 18:30:00',	1,	1,	'Sports Day',	'Students and the public are invited to attend this weekly discussion of recent political events',	'Students and the public are invited to attend this weekly discussion of recent political events',	'Ground',	'0000-00-00 00:00:00',	'[{\"scheduleDate\":\"s\",\"scheduleTitle\":\"c\",\"scheduleDescription\":\"h\"},{\"scheduleDate\":\"s\",\"scheduleTitle\":\"c\",\"scheduleDescription\":\"h\"},{\"scheduleDate\":\"s\",\"scheduleTitle\":\"c\",\"scheduleDescription\":\"h\"},{\"scheduleDate\":\"s\",\"scheduleTitle\":\"c\",\"scheduleDescription\":\"h\"},{\"scheduleDate\":\"s\",\"scheduleTitle\":\"c\",\"scheduleDescription\":\"h\"},{\"scheduleDate\":\"s\",\"scheduleTitle\":\"c\",\"scheduleDescription\":\"h\"},{\"scheduleDate\":\"s\",\"scheduleTitle\":\"c\",\"scheduleDescription\":\"h\"},{\"scheduleDate\":\"s\",\"scheduleTitle\":\"c\",\"scheduleDescription\":\"h\"},{\"scheduleDate\":\"s\",\"scheduleTitle\":\"c\",\"scheduleDescription\":\"h\"},{\"scheduleDate\":\"s\",\"scheduleTitle\":\"c\",\"scheduleDescription\":\"h\"},{\"scheduleDate\":\"s\",\"scheduleTitle\":\"c\",\"scheduleDescription\":\"h\"},{\"scheduleDate\":\"s\",\"scheduleTitle\":\"c\",\"scheduleDescription\":\"h\"},{\"scheduleDate\":\"s\",\"scheduleTitle\":\"c\",\"scheduleDescription\":\"h\"},{\"scheduleDate\":\"s\",\"scheduleTitle\":\"c\",\"scheduleDescription\":\"h\"},{\"scheduleDate\":\"s\",\"scheduleTitle\":\"c\",\"scheduleDescription\":\"h\"},{\"scheduleDate\":\"s\",\"scheduleTitle\":\"c\",\"scheduleDescription\":\"h\"}]',	'www.gnu.ac.in',	'',	'gnu@gmail.com',	0,	'sports-day',	NULL),
(16,	NULL,	NULL,	'2018-09-13 18:30:00',	'2018-09-13 18:30:00',	1,	1,	'Musical Evening',	'Students and the public are invited to attend this weekly discussion of recent political events',	'Students and the public are invited to attend this weekly discussion of recent political events',	'Ground',	'0000-00-00 00:00:00',	'[{\"scheduleDate\":\"s\",\"scheduleTitle\":\"c\",\"scheduleDescription\":\"h\"},{\"scheduleDate\":\"s\",\"scheduleTitle\":\"c\",\"scheduleDescription\":\"h\"},{\"scheduleDate\":\"s\",\"scheduleTitle\":\"c\",\"scheduleDescription\":\"h\"},{\"scheduleDate\":\"s\",\"scheduleTitle\":\"c\",\"scheduleDescription\":\"h\"},{\"scheduleDate\":\"s\",\"scheduleTitle\":\"c\",\"scheduleDescription\":\"h\"},{\"scheduleDate\":\"s\",\"scheduleTitle\":\"c\",\"scheduleDescription\":\"h\"},{\"scheduleDate\":\"s\",\"scheduleTitle\":\"c\",\"scheduleDescription\":\"h\"},{\"scheduleDate\":\"s\",\"scheduleTitle\":\"c\",\"scheduleDescription\":\"h\"},{\"scheduleDate\":\"s\",\"scheduleTitle\":\"c\",\"scheduleDescription\":\"h\"},{\"scheduleDate\":\"s\",\"scheduleTitle\":\"c\",\"scheduleDescription\":\"h\"},{\"scheduleDate\":\"s\",\"scheduleTitle\":\"c\",\"scheduleDescription\":\"h\"},{\"scheduleDate\":\"s\",\"scheduleTitle\":\"c\",\"scheduleDescription\":\"h\"},{\"scheduleDate\":\"s\",\"scheduleTitle\":\"c\",\"scheduleDescription\":\"h\"},{\"scheduleDate\":\"s\",\"scheduleTitle\":\"c\",\"scheduleDescription\":\"h\"},{\"scheduleDate\":\"s\",\"scheduleTitle\":\"c\",\"scheduleDescription\":\"h\"},{\"scheduleDate\":\"s\",\"scheduleTitle\":\"c\",\"scheduleDescription\":\"h\"}]',	'www.gnu.ac.in',	'',	'gnu@gmail.com',	0,	'musical-evening',	NULL),
(17,	NULL,	NULL,	'2018-09-13 18:30:00',	'2018-09-13 18:30:00',	1,	1,	'Art Evening',	'Students and the public are invited to attend this weekly discussion of recent political events',	'Students and the public are invited to attend this weekly discussion of recent political events',	'Seminar Hall',	'0000-00-00 00:00:00',	'[{\"scheduleDate\":\"s\",\"scheduleTitle\":\"c\",\"scheduleDescription\":\"h\"},{\"scheduleDate\":\"s\",\"scheduleTitle\":\"c\",\"scheduleDescription\":\"h\"},{\"scheduleDate\":\"s\",\"scheduleTitle\":\"c\",\"scheduleDescription\":\"h\"},{\"scheduleDate\":\"s\",\"scheduleTitle\":\"c\",\"scheduleDescription\":\"h\"},{\"scheduleDate\":\"s\",\"scheduleTitle\":\"c\",\"scheduleDescription\":\"h\"},{\"scheduleDate\":\"s\",\"scheduleTitle\":\"c\",\"scheduleDescription\":\"h\"},{\"scheduleDate\":\"s\",\"scheduleTitle\":\"c\",\"scheduleDescription\":\"h\"},{\"scheduleDate\":\"s\",\"scheduleTitle\":\"c\",\"scheduleDescription\":\"h\"},{\"scheduleDate\":\"s\",\"scheduleTitle\":\"c\",\"scheduleDescription\":\"h\"},{\"scheduleDate\":\"s\",\"scheduleTitle\":\"c\",\"scheduleDescription\":\"h\"},{\"scheduleDate\":\"s\",\"scheduleTitle\":\"c\",\"scheduleDescription\":\"h\"},{\"scheduleDate\":\"s\",\"scheduleTitle\":\"c\",\"scheduleDescription\":\"h\"},{\"scheduleDate\":\"s\",\"scheduleTitle\":\"c\",\"scheduleDescription\":\"h\"},{\"scheduleDate\":\"s\",\"scheduleTitle\":\"c\",\"scheduleDescription\":\"h\"},{\"scheduleDate\":\"s\",\"scheduleTitle\":\"c\",\"scheduleDescription\":\"h\"},{\"scheduleDate\":\"s\",\"scheduleTitle\":\"c\",\"scheduleDescription\":\"h\"}]',	'www.gnu.ac.in',	'',	'gnu@gmail.com',	0,	'art-evening',	NULL),
(18,	NULL,	NULL,	'2018-09-13 18:30:00',	'2018-09-13 18:30:00',	1,	1,	'Yoga Evening',	'Students and the public are invited to attend this weekly discussion of recent political events',	'Students and the public are invited to attend this weekly discussion of recent political events',	'Seminar Hall',	'0000-00-00 00:00:00',	'[{\"scheduleDate\":\"s\",\"scheduleTitle\":\"c\",\"scheduleDescription\":\"h\"},{\"scheduleDate\":\"s\",\"scheduleTitle\":\"c\",\"scheduleDescription\":\"h\"},{\"scheduleDate\":\"s\",\"scheduleTitle\":\"c\",\"scheduleDescription\":\"h\"},{\"scheduleDate\":\"s\",\"scheduleTitle\":\"c\",\"scheduleDescription\":\"h\"},{\"scheduleDate\":\"s\",\"scheduleTitle\":\"c\",\"scheduleDescription\":\"h\"},{\"scheduleDate\":\"s\",\"scheduleTitle\":\"c\",\"scheduleDescription\":\"h\"},{\"scheduleDate\":\"s\",\"scheduleTitle\":\"c\",\"scheduleDescription\":\"h\"},{\"scheduleDate\":\"s\",\"scheduleTitle\":\"c\",\"scheduleDescription\":\"h\"},{\"scheduleDate\":\"s\",\"scheduleTitle\":\"c\",\"scheduleDescription\":\"h\"},{\"scheduleDate\":\"s\",\"scheduleTitle\":\"c\",\"scheduleDescription\":\"h\"},{\"scheduleDate\":\"s\",\"scheduleTitle\":\"c\",\"scheduleDescription\":\"h\"},{\"scheduleDate\":\"s\",\"scheduleTitle\":\"c\",\"scheduleDescription\":\"h\"},{\"scheduleDate\":\"s\",\"scheduleTitle\":\"c\",\"scheduleDescription\":\"h\"},{\"scheduleDate\":\"s\",\"scheduleTitle\":\"c\",\"scheduleDescription\":\"h\"},{\"scheduleDate\":\"s\",\"scheduleTitle\":\"c\",\"scheduleDescription\":\"h\"},{\"scheduleDate\":\"s\",\"scheduleTitle\":\"c\",\"scheduleDescription\":\"h\"}]',	'www.gnu.ac.in',	'',	'gnu@gmail.com',	0,	'yoga-evening',	NULL),
(19,	NULL,	NULL,	'2018-09-16 18:30:00',	'2018-09-16 18:30:00',	1,	1,	'GNU Technical Festival',	'Students and the public are invited to attend this weekly discussion of recent political events',	'Students and the public are invited to attend this weekly discussion of recent political events',	'Seminar Hall',	'0000-00-00 00:00:00',	'[{\"scheduleDate\":\"s\",\"scheduleTitle\":\"c\",\"scheduleDescription\":\"h\"},{\"scheduleDate\":\"s\",\"scheduleTitle\":\"c\",\"scheduleDescription\":\"h\"},{\"scheduleDate\":\"s\",\"scheduleTitle\":\"c\",\"scheduleDescription\":\"h\"},{\"scheduleDate\":\"s\",\"scheduleTitle\":\"c\",\"scheduleDescription\":\"h\"},{\"scheduleDate\":\"s\",\"scheduleTitle\":\"c\",\"scheduleDescription\":\"h\"},{\"scheduleDate\":\"s\",\"scheduleTitle\":\"c\",\"scheduleDescription\":\"h\"},{\"scheduleDate\":\"s\",\"scheduleTitle\":\"c\",\"scheduleDescription\":\"h\"},{\"scheduleDate\":\"s\",\"scheduleTitle\":\"c\",\"scheduleDescription\":\"h\"},{\"scheduleDate\":\"s\",\"scheduleTitle\":\"c\",\"scheduleDescription\":\"h\"},{\"scheduleDate\":\"s\",\"scheduleTitle\":\"c\",\"scheduleDescription\":\"h\"},{\"scheduleDate\":\"s\",\"scheduleTitle\":\"c\",\"scheduleDescription\":\"h\"},{\"scheduleDate\":\"s\",\"scheduleTitle\":\"c\",\"scheduleDescription\":\"h\"},{\"scheduleDate\":\"s\",\"scheduleTitle\":\"c\",\"scheduleDescription\":\"h\"},{\"scheduleDate\":\"s\",\"scheduleTitle\":\"c\",\"scheduleDescription\":\"h\"},{\"scheduleDate\":\"s\",\"scheduleTitle\":\"c\",\"scheduleDescription\":\"h\"},{\"scheduleDate\":\"s\",\"scheduleTitle\":\"c\",\"scheduleDescription\":\"h\"}]',	'www.gnu.ac.in',	'',	'gnu@gmail.com',	0,	'gnu-technical-festival',	NULL),
(20,	NULL,	NULL,	'2018-09-16 18:30:00',	'2018-09-16 18:30:00',	1,	1,	'Blood Donation Camp',	'Students and the public are invited to attend this weekly discussion of recent political events',	'Students and the public are invited to attend this weekly discussion of recent political events',	'Seminar Hall',	'0000-00-00 00:00:00',	'[{\"scheduleDate\":\"s\",\"scheduleTitle\":\"c\",\"scheduleDescription\":\"h\"},{\"scheduleDate\":\"s\",\"scheduleTitle\":\"c\",\"scheduleDescription\":\"h\"},{\"scheduleDate\":\"s\",\"scheduleTitle\":\"c\",\"scheduleDescription\":\"h\"},{\"scheduleDate\":\"s\",\"scheduleTitle\":\"c\",\"scheduleDescription\":\"h\"},{\"scheduleDate\":\"s\",\"scheduleTitle\":\"c\",\"scheduleDescription\":\"h\"},{\"scheduleDate\":\"s\",\"scheduleTitle\":\"c\",\"scheduleDescription\":\"h\"},{\"scheduleDate\":\"s\",\"scheduleTitle\":\"c\",\"scheduleDescription\":\"h\"},{\"scheduleDate\":\"s\",\"scheduleTitle\":\"c\",\"scheduleDescription\":\"h\"},{\"scheduleDate\":\"s\",\"scheduleTitle\":\"c\",\"scheduleDescription\":\"h\"},{\"scheduleDate\":\"s\",\"scheduleTitle\":\"c\",\"scheduleDescription\":\"h\"},{\"scheduleDate\":\"s\",\"scheduleTitle\":\"c\",\"scheduleDescription\":\"h\"},{\"scheduleDate\":\"s\",\"scheduleTitle\":\"c\",\"scheduleDescription\":\"h\"},{\"scheduleDate\":\"s\",\"scheduleTitle\":\"c\",\"scheduleDescription\":\"h\"},{\"scheduleDate\":\"s\",\"scheduleTitle\":\"c\",\"scheduleDescription\":\"h\"},{\"scheduleDate\":\"s\",\"scheduleTitle\":\"c\",\"scheduleDescription\":\"h\"},{\"scheduleDate\":\"s\",\"scheduleTitle\":\"c\",\"scheduleDescription\":\"h\"}]',	'www.gnu.ac.in',	'',	'gnu@gmail.com',	0,	'blood-donation-camp',	NULL),
(21,	NULL,	NULL,	'2018-09-16 18:30:00',	'2018-09-16 18:30:00',	1,	1,	'Convocation',	'Students and the public are invited to attend this weekly discussion of recent political events',	'Students and the public are invited to attend this weekly discussion of recent political events',	'Ground at GNU',	'0000-00-00 00:00:00',	'[{\"scheduleDate\":\"s\",\"scheduleTitle\":\"c\",\"scheduleDescription\":\"h\"},{\"scheduleDate\":\"s\",\"scheduleTitle\":\"c\",\"scheduleDescription\":\"h\"},{\"scheduleDate\":\"s\",\"scheduleTitle\":\"c\",\"scheduleDescription\":\"h\"},{\"scheduleDate\":\"s\",\"scheduleTitle\":\"c\",\"scheduleDescription\":\"h\"},{\"scheduleDate\":\"s\",\"scheduleTitle\":\"c\",\"scheduleDescription\":\"h\"},{\"scheduleDate\":\"s\",\"scheduleTitle\":\"c\",\"scheduleDescription\":\"h\"},{\"scheduleDate\":\"s\",\"scheduleTitle\":\"c\",\"scheduleDescription\":\"h\"},{\"scheduleDate\":\"s\",\"scheduleTitle\":\"c\",\"scheduleDescription\":\"h\"},{\"scheduleDate\":\"s\",\"scheduleTitle\":\"c\",\"scheduleDescription\":\"h\"},{\"scheduleDate\":\"s\",\"scheduleTitle\":\"c\",\"scheduleDescription\":\"h\"},{\"scheduleDate\":\"s\",\"scheduleTitle\":\"c\",\"scheduleDescription\":\"h\"},{\"scheduleDate\":\"s\",\"scheduleTitle\":\"c\",\"scheduleDescription\":\"h\"},{\"scheduleDate\":\"s\",\"scheduleTitle\":\"c\",\"scheduleDescription\":\"h\"},{\"scheduleDate\":\"s\",\"scheduleTitle\":\"c\",\"scheduleDescription\":\"h\"},{\"scheduleDate\":\"s\",\"scheduleTitle\":\"c\",\"scheduleDescription\":\"h\"},{\"scheduleDate\":\"s\",\"scheduleTitle\":\"c\",\"scheduleDescription\":\"h\"}]',	'www.gnu.ac.in',	'',	'gnu@gmail.com',	0,	'convocation',	NULL),
(22,	NULL,	NULL,	'2018-09-16 18:30:00',	'2018-09-16 18:30:00',	1,	1,	'Youth Festival',	'Students and the public are invited to attend this weekly discussion of recent political events',	'Students and the public are invited to attend this weekly discussion of recent political events',	'Seminar Hall',	'0000-00-00 00:00:00',	'[{\"scheduleDate\":\"s\",\"scheduleTitle\":\"c\",\"scheduleDescription\":\"h\"},{\"scheduleDate\":\"s\",\"scheduleTitle\":\"c\",\"scheduleDescription\":\"h\"},{\"scheduleDate\":\"s\",\"scheduleTitle\":\"c\",\"scheduleDescription\":\"h\"},{\"scheduleDate\":\"s\",\"scheduleTitle\":\"c\",\"scheduleDescription\":\"h\"},{\"scheduleDate\":\"s\",\"scheduleTitle\":\"c\",\"scheduleDescription\":\"h\"},{\"scheduleDate\":\"s\",\"scheduleTitle\":\"c\",\"scheduleDescription\":\"h\"},{\"scheduleDate\":\"s\",\"scheduleTitle\":\"c\",\"scheduleDescription\":\"h\"},{\"scheduleDate\":\"s\",\"scheduleTitle\":\"c\",\"scheduleDescription\":\"h\"},{\"scheduleDate\":\"s\",\"scheduleTitle\":\"c\",\"scheduleDescription\":\"h\"},{\"scheduleDate\":\"s\",\"scheduleTitle\":\"c\",\"scheduleDescription\":\"h\"},{\"scheduleDate\":\"s\",\"scheduleTitle\":\"c\",\"scheduleDescription\":\"h\"},{\"scheduleDate\":\"s\",\"scheduleTitle\":\"c\",\"scheduleDescription\":\"h\"},{\"scheduleDate\":\"s\",\"scheduleTitle\":\"c\",\"scheduleDescription\":\"h\"},{\"scheduleDate\":\"s\",\"scheduleTitle\":\"c\",\"scheduleDescription\":\"h\"},{\"scheduleDate\":\"s\",\"scheduleTitle\":\"c\",\"scheduleDescription\":\"h\"},{\"scheduleDate\":\"s\",\"scheduleTitle\":\"c\",\"scheduleDescription\":\"h\"}]',	'www.gnu.ac.in',	'',	'gnu@gmail.com',	0,	'youth-festival',	NULL),
(23,	NULL,	NULL,	'2018-09-16 18:30:00',	'2018-09-16 18:30:00',	1,	1,	'Book Launch',	'Students and the public are invited to attend this weekly discussion of recent political events',	'Students and the public are invited to attend this weekly discussion of recent political events',	'Seminar Hall',	'0000-00-00 00:00:00',	'[{\"scheduleDate\":\"s\",\"scheduleTitle\":\"c\",\"scheduleDescription\":\"h\"},{\"scheduleDate\":\"s\",\"scheduleTitle\":\"c\",\"scheduleDescription\":\"h\"},{\"scheduleDate\":\"s\",\"scheduleTitle\":\"c\",\"scheduleDescription\":\"h\"},{\"scheduleDate\":\"s\",\"scheduleTitle\":\"c\",\"scheduleDescription\":\"h\"},{\"scheduleDate\":\"s\",\"scheduleTitle\":\"c\",\"scheduleDescription\":\"h\"},{\"scheduleDate\":\"s\",\"scheduleTitle\":\"c\",\"scheduleDescription\":\"h\"},{\"scheduleDate\":\"s\",\"scheduleTitle\":\"c\",\"scheduleDescription\":\"h\"},{\"scheduleDate\":\"s\",\"scheduleTitle\":\"c\",\"scheduleDescription\":\"h\"},{\"scheduleDate\":\"s\",\"scheduleTitle\":\"c\",\"scheduleDescription\":\"h\"},{\"scheduleDate\":\"s\",\"scheduleTitle\":\"c\",\"scheduleDescription\":\"h\"},{\"scheduleDate\":\"s\",\"scheduleTitle\":\"c\",\"scheduleDescription\":\"h\"},{\"scheduleDate\":\"s\",\"scheduleTitle\":\"c\",\"scheduleDescription\":\"h\"},{\"scheduleDate\":\"s\",\"scheduleTitle\":\"c\",\"scheduleDescription\":\"h\"},{\"scheduleDate\":\"s\",\"scheduleTitle\":\"c\",\"scheduleDescription\":\"h\"},{\"scheduleDate\":\"s\",\"scheduleTitle\":\"c\",\"scheduleDescription\":\"h\"},{\"scheduleDate\":\"s\",\"scheduleTitle\":\"c\",\"scheduleDescription\":\"h\"}]',	'www.gnu.ac.in',	'',	'gnu@gmail.com',	0,	'book-launch',	NULL),
(24,	NULL,	NULL,	'2018-09-16 18:30:00',	'2018-09-16 18:30:00',	1,	1,	'Sports Day',	'Students and the public are invited to attend this weekly discussion of recent political events',	'Students and the public are invited to attend this weekly discussion of recent political events',	'Ground',	'0000-00-00 00:00:00',	'[{\"scheduleDate\":\"s\",\"scheduleTitle\":\"c\",\"scheduleDescription\":\"h\"},{\"scheduleDate\":\"s\",\"scheduleTitle\":\"c\",\"scheduleDescription\":\"h\"},{\"scheduleDate\":\"s\",\"scheduleTitle\":\"c\",\"scheduleDescription\":\"h\"},{\"scheduleDate\":\"s\",\"scheduleTitle\":\"c\",\"scheduleDescription\":\"h\"},{\"scheduleDate\":\"s\",\"scheduleTitle\":\"c\",\"scheduleDescription\":\"h\"},{\"scheduleDate\":\"s\",\"scheduleTitle\":\"c\",\"scheduleDescription\":\"h\"},{\"scheduleDate\":\"s\",\"scheduleTitle\":\"c\",\"scheduleDescription\":\"h\"},{\"scheduleDate\":\"s\",\"scheduleTitle\":\"c\",\"scheduleDescription\":\"h\"},{\"scheduleDate\":\"s\",\"scheduleTitle\":\"c\",\"scheduleDescription\":\"h\"},{\"scheduleDate\":\"s\",\"scheduleTitle\":\"c\",\"scheduleDescription\":\"h\"},{\"scheduleDate\":\"s\",\"scheduleTitle\":\"c\",\"scheduleDescription\":\"h\"},{\"scheduleDate\":\"s\",\"scheduleTitle\":\"c\",\"scheduleDescription\":\"h\"},{\"scheduleDate\":\"s\",\"scheduleTitle\":\"c\",\"scheduleDescription\":\"h\"},{\"scheduleDate\":\"s\",\"scheduleTitle\":\"c\",\"scheduleDescription\":\"h\"},{\"scheduleDate\":\"s\",\"scheduleTitle\":\"c\",\"scheduleDescription\":\"h\"},{\"scheduleDate\":\"s\",\"scheduleTitle\":\"c\",\"scheduleDescription\":\"h\"}]',	'www.gnu.ac.in',	'',	'gnu@gmail.com',	0,	'sports-day',	NULL),
(25,	NULL,	NULL,	'2018-09-16 18:30:00',	'2018-09-16 18:30:00',	1,	1,	'Musical Evening',	'Students and the public are invited to attend this weekly discussion of recent political events',	'Students and the public are invited to attend this weekly discussion of recent political events',	'Ground',	'0000-00-00 00:00:00',	'[{\"scheduleDate\":\"s\",\"scheduleTitle\":\"c\",\"scheduleDescription\":\"h\"},{\"scheduleDate\":\"s\",\"scheduleTitle\":\"c\",\"scheduleDescription\":\"h\"},{\"scheduleDate\":\"s\",\"scheduleTitle\":\"c\",\"scheduleDescription\":\"h\"},{\"scheduleDate\":\"s\",\"scheduleTitle\":\"c\",\"scheduleDescription\":\"h\"},{\"scheduleDate\":\"s\",\"scheduleTitle\":\"c\",\"scheduleDescription\":\"h\"},{\"scheduleDate\":\"s\",\"scheduleTitle\":\"c\",\"scheduleDescription\":\"h\"},{\"scheduleDate\":\"s\",\"scheduleTitle\":\"c\",\"scheduleDescription\":\"h\"},{\"scheduleDate\":\"s\",\"scheduleTitle\":\"c\",\"scheduleDescription\":\"h\"},{\"scheduleDate\":\"s\",\"scheduleTitle\":\"c\",\"scheduleDescription\":\"h\"},{\"scheduleDate\":\"s\",\"scheduleTitle\":\"c\",\"scheduleDescription\":\"h\"},{\"scheduleDate\":\"s\",\"scheduleTitle\":\"c\",\"scheduleDescription\":\"h\"},{\"scheduleDate\":\"s\",\"scheduleTitle\":\"c\",\"scheduleDescription\":\"h\"},{\"scheduleDate\":\"s\",\"scheduleTitle\":\"c\",\"scheduleDescription\":\"h\"},{\"scheduleDate\":\"s\",\"scheduleTitle\":\"c\",\"scheduleDescription\":\"h\"},{\"scheduleDate\":\"s\",\"scheduleTitle\":\"c\",\"scheduleDescription\":\"h\"},{\"scheduleDate\":\"s\",\"scheduleTitle\":\"c\",\"scheduleDescription\":\"h\"}]',	'www.gnu.ac.in',	'',	'gnu@gmail.com',	0,	'musical-evening',	NULL),
(26,	NULL,	NULL,	'2018-09-16 18:30:00',	'2018-09-16 18:30:00',	1,	1,	'Art Evening',	'Students and the public are invited to attend this weekly discussion of recent political events',	'Students and the public are invited to attend this weekly discussion of recent political events',	'Seminar Hall',	'0000-00-00 00:00:00',	'[{\"scheduleDate\":\"s\",\"scheduleTitle\":\"c\",\"scheduleDescription\":\"h\"},{\"scheduleDate\":\"s\",\"scheduleTitle\":\"c\",\"scheduleDescription\":\"h\"},{\"scheduleDate\":\"s\",\"scheduleTitle\":\"c\",\"scheduleDescription\":\"h\"},{\"scheduleDate\":\"s\",\"scheduleTitle\":\"c\",\"scheduleDescription\":\"h\"},{\"scheduleDate\":\"s\",\"scheduleTitle\":\"c\",\"scheduleDescription\":\"h\"},{\"scheduleDate\":\"s\",\"scheduleTitle\":\"c\",\"scheduleDescription\":\"h\"},{\"scheduleDate\":\"s\",\"scheduleTitle\":\"c\",\"scheduleDescription\":\"h\"},{\"scheduleDate\":\"s\",\"scheduleTitle\":\"c\",\"scheduleDescription\":\"h\"},{\"scheduleDate\":\"s\",\"scheduleTitle\":\"c\",\"scheduleDescription\":\"h\"},{\"scheduleDate\":\"s\",\"scheduleTitle\":\"c\",\"scheduleDescription\":\"h\"},{\"scheduleDate\":\"s\",\"scheduleTitle\":\"c\",\"scheduleDescription\":\"h\"},{\"scheduleDate\":\"s\",\"scheduleTitle\":\"c\",\"scheduleDescription\":\"h\"},{\"scheduleDate\":\"s\",\"scheduleTitle\":\"c\",\"scheduleDescription\":\"h\"},{\"scheduleDate\":\"s\",\"scheduleTitle\":\"c\",\"scheduleDescription\":\"h\"},{\"scheduleDate\":\"s\",\"scheduleTitle\":\"c\",\"scheduleDescription\":\"h\"},{\"scheduleDate\":\"s\",\"scheduleTitle\":\"c\",\"scheduleDescription\":\"h\"}]',	'www.gnu.ac.in',	'',	'gnu@gmail.com',	0,	'art-evening',	NULL),
(27,	NULL,	NULL,	'2018-09-16 18:30:00',	'2018-09-16 18:30:00',	1,	1,	'Yoga Evening',	'Students and the public are invited to attend this weekly discussion of recent political events',	'Students and the public are invited to attend this weekly discussion of recent political events',	'Seminar Hall',	'0000-00-00 00:00:00',	'[{\"scheduleDate\":\"s\",\"scheduleTitle\":\"c\",\"scheduleDescription\":\"h\"},{\"scheduleDate\":\"s\",\"scheduleTitle\":\"c\",\"scheduleDescription\":\"h\"},{\"scheduleDate\":\"s\",\"scheduleTitle\":\"c\",\"scheduleDescription\":\"h\"},{\"scheduleDate\":\"s\",\"scheduleTitle\":\"c\",\"scheduleDescription\":\"h\"},{\"scheduleDate\":\"s\",\"scheduleTitle\":\"c\",\"scheduleDescription\":\"h\"},{\"scheduleDate\":\"s\",\"scheduleTitle\":\"c\",\"scheduleDescription\":\"h\"},{\"scheduleDate\":\"s\",\"scheduleTitle\":\"c\",\"scheduleDescription\":\"h\"},{\"scheduleDate\":\"s\",\"scheduleTitle\":\"c\",\"scheduleDescription\":\"h\"},{\"scheduleDate\":\"s\",\"scheduleTitle\":\"c\",\"scheduleDescription\":\"h\"},{\"scheduleDate\":\"s\",\"scheduleTitle\":\"c\",\"scheduleDescription\":\"h\"},{\"scheduleDate\":\"s\",\"scheduleTitle\":\"c\",\"scheduleDescription\":\"h\"},{\"scheduleDate\":\"s\",\"scheduleTitle\":\"c\",\"scheduleDescription\":\"h\"},{\"scheduleDate\":\"s\",\"scheduleTitle\":\"c\",\"scheduleDescription\":\"h\"},{\"scheduleDate\":\"s\",\"scheduleTitle\":\"c\",\"scheduleDescription\":\"h\"},{\"scheduleDate\":\"s\",\"scheduleTitle\":\"c\",\"scheduleDescription\":\"h\"},{\"scheduleDate\":\"s\",\"scheduleTitle\":\"c\",\"scheduleDescription\":\"h\"}]',	'www.gnu.ac.in',	'',	'gnu@gmail.com',	0,	'yoga-evening',	NULL),
(28,	NULL,	NULL,	'2018-09-17 00:53:30',	'2018-09-17 00:53:30',	1,	1,	'SAUFEST- 11th South Asian Universities Festival  8:00 AM - 5:00 PM  Mehsana, Gujarat',	'It is a matter of utmost pride for us to share with you that, this year, the Association of Indian Universities (AIU), New Delhi has extended an opportunity to the Ganpat University to organise and host the SAUFEST 2018. It is worthwhile to note that such kind of International level youth festival is being organised for the very first time in Gujarat. This will certainly establish significant mark in the state’s historical timeline.',	'It is a matter of utmost pride for us to share with you that, this year, the Association of Indian Universities (AIU),',	'Seminar Hall',	'2018-09-20 00:00:00',	'[{\"scheduleDate\":null,\"scheduleTitle\":null,\"scheduleDescription\":null}]',	'Register Now',	'+91-9978913695',	'gnu@gmail.com',	0,	'saufest-11th-south-asian-universities-festival-800-am-500-pm-mehsana-gujarat',	50);

DROP TABLE IF EXISTS `event_media`;
CREATE TABLE `event_media` (
  `id` int(10) unsigned NOT NULL AUTO_INCREMENT,
  `creator_id` int(10) unsigned DEFAULT NULL,
  `updater_id` int(10) unsigned DEFAULT NULL,
  `created_at` timestamp NULL DEFAULT NULL,
  `updated_at` timestamp NULL DEFAULT NULL,
  `event_id` int(11) NOT NULL,
  `media_id` int(11) DEFAULT NULL,
  PRIMARY KEY (`id`)
) ENGINE=InnoDB DEFAULT CHARSET=utf8mb4 COLLATE=utf8mb4_unicode_ci;

INSERT INTO `event_media` (`id`, `creator_id`, `updater_id`, `created_at`, `updated_at`, `event_id`, `media_id`) VALUES
(1,	NULL,	NULL,	NULL,	NULL,	55,	1),
(4,	NULL,	NULL,	NULL,	NULL,	28,	11),
(5,	NULL,	NULL,	NULL,	NULL,	10,	13);

DROP TABLE IF EXISTS `exam_schedules`;
CREATE TABLE `exam_schedules` (
  `id` int(10) unsigned NOT NULL AUTO_INCREMENT,
  `creator_id` int(10) unsigned DEFAULT NULL,
  `updater_id` int(10) unsigned DEFAULT NULL,
  `created_at` timestamp NULL DEFAULT NULL,
  `updated_at` timestamp NULL DEFAULT NULL,
  `faculty_id` int(11) NOT NULL,
  `degree_id` int(11) NOT NULL,
  `stream_id` int(11) NOT NULL,
  `semester_id` int(11) NOT NULL,
  `media_id` int(11) NOT NULL,
  `exam_type` enum('regular','remedial') COLLATE utf8mb4_unicode_ci NOT NULL,
  `exam_date` datetime NOT NULL,
  `on_homepage` tinyint(1) NOT NULL DEFAULT 0 COMMENT '0:Inactive 1:Active',
  PRIMARY KEY (`id`)
) ENGINE=InnoDB DEFAULT CHARSET=utf8mb4 COLLATE=utf8mb4_unicode_ci;

INSERT INTO `exam_schedules` (`id`, `creator_id`, `updater_id`, `created_at`, `updated_at`, `faculty_id`, `degree_id`, `stream_id`, `semester_id`, `media_id`, `exam_type`, `exam_date`, `on_homepage`) VALUES
(39,	NULL,	NULL,	'2018-09-16 18:30:00',	'2018-09-17 05:10:18',	1,	1,	8,	1,	0,	'regular',	'2017-12-31 00:00:00',	0),
(40,	NULL,	NULL,	'2018-09-16 18:30:00',	'2018-09-16 18:30:00',	1,	0,	0,	1,	0,	'regular',	'2017-05-31 00:00:00',	0),
(41,	NULL,	NULL,	'2018-09-16 18:30:00',	'2018-09-16 18:30:00',	1,	0,	0,	3,	0,	'regular',	'0000-00-00 00:00:00',	0),
(42,	NULL,	NULL,	'2018-09-16 18:30:00',	'2018-09-16 18:30:00',	1,	0,	3,	5,	0,	'remedial',	'0000-00-00 00:00:00',	0),
(43,	NULL,	NULL,	'2018-09-16 18:30:00',	'2018-09-16 18:30:00',	1,	0,	5,	7,	0,	'regular',	'2017-12-31 00:00:00',	0),
(44,	NULL,	NULL,	'2018-09-16 18:30:00',	'2018-09-16 18:30:00',	2,	1,	4,	2,	0,	'regular',	'2017-12-31 00:00:00',	0),
(45,	NULL,	NULL,	'2018-09-16 18:30:00',	'2018-09-16 18:30:00',	2,	0,	9,	1,	0,	'regular',	'2017-05-31 00:00:00',	0),
(46,	NULL,	NULL,	'2018-09-16 18:30:00',	'2018-09-16 18:30:00',	2,	0,	10,	6,	0,	'remedial',	'0000-00-00 00:00:00',	0),
(47,	NULL,	NULL,	'2018-09-16 18:30:00',	'2018-09-16 18:30:00',	2,	0,	4,	7,	0,	'remedial',	'0000-00-00 00:00:00',	0),
(48,	NULL,	NULL,	'2018-09-16 18:30:00',	'2018-09-16 18:30:00',	2,	0,	4,	3,	0,	'remedial',	'2017-12-31 00:00:00',	0),
(49,	NULL,	NULL,	'2018-09-16 18:30:00',	'2018-09-16 18:30:00',	3,	1,	13,	5,	0,	'remedial',	'2017-12-31 00:00:00',	0),
(50,	NULL,	NULL,	'2018-09-16 18:30:00',	'2018-09-16 18:30:00',	3,	0,	0,	7,	0,	'regular',	'2017-05-31 00:00:00',	0),
(51,	NULL,	NULL,	'2018-09-16 18:30:00',	'2018-09-16 18:30:00',	3,	0,	7,	2,	0,	'regular',	'2017-12-31 00:00:00',	0),
(52,	NULL,	NULL,	'2018-09-16 18:30:00',	'2018-09-16 18:30:00',	3,	0,	0,	1,	0,	'regular',	'2017-05-31 00:00:00',	0),
(53,	NULL,	NULL,	'2018-09-16 18:30:00',	'2018-09-16 18:30:00',	3,	0,	13,	6,	0,	'remedial',	'0000-00-00 00:00:00',	0),
(54,	NULL,	NULL,	'2018-09-16 18:30:00',	'2018-09-16 18:30:00',	3,	0,	0,	7,	0,	'regular',	'0000-00-00 00:00:00',	0),
(55,	NULL,	NULL,	'2018-09-16 18:30:00',	'2018-09-16 18:30:00',	3,	0,	7,	2,	0,	'regular',	'2017-12-31 00:00:00',	0),
(56,	NULL,	NULL,	'2018-09-16 18:30:00',	'2018-09-16 18:30:00',	3,	1,	0,	2,	0,	'regular',	'2017-12-31 00:00:00',	0),
(57,	NULL,	NULL,	'2018-09-16 18:30:00',	'2018-09-16 18:30:00',	3,	0,	13,	6,	0,	'remedial',	'2017-05-31 00:00:00',	0),
(58,	NULL,	NULL,	'2018-09-16 18:30:00',	'2018-09-16 18:30:00',	1,	1,	8,	1,	0,	'regular',	'2017-12-31 00:00:00',	0),
(59,	NULL,	NULL,	'2018-09-16 18:30:00',	'2018-09-16 18:30:00',	1,	0,	0,	1,	0,	'regular',	'2017-05-31 00:00:00',	0),
(60,	NULL,	NULL,	'2018-09-16 18:30:00',	'2018-09-16 18:30:00',	1,	0,	0,	3,	0,	'regular',	'0000-00-00 00:00:00',	0),
(61,	NULL,	NULL,	'2018-09-16 18:30:00',	'2018-09-16 18:30:00',	1,	0,	3,	5,	0,	'remedial',	'0000-00-00 00:00:00',	0),
(62,	NULL,	NULL,	'2018-09-16 18:30:00',	'2018-09-16 18:30:00',	1,	0,	5,	7,	0,	'regular',	'2017-12-31 00:00:00',	0),
(63,	NULL,	NULL,	'2018-09-16 18:30:00',	'2018-09-16 18:30:00',	2,	1,	4,	2,	0,	'regular',	'2017-12-31 00:00:00',	0),
(64,	NULL,	NULL,	'2018-09-16 18:30:00',	'2018-09-16 18:30:00',	2,	0,	9,	1,	0,	'regular',	'2017-05-31 00:00:00',	0),
(65,	NULL,	NULL,	'2018-09-16 18:30:00',	'2018-09-16 18:30:00',	2,	0,	10,	6,	0,	'remedial',	'0000-00-00 00:00:00',	0),
(66,	NULL,	NULL,	'2018-09-16 18:30:00',	'2018-09-16 18:30:00',	2,	0,	4,	7,	0,	'remedial',	'0000-00-00 00:00:00',	0),
(67,	NULL,	NULL,	'2018-09-16 18:30:00',	'2018-09-16 18:30:00',	2,	0,	4,	3,	0,	'remedial',	'2017-12-31 00:00:00',	0),
(68,	NULL,	NULL,	'2018-09-16 18:30:00',	'2018-09-16 18:30:00',	3,	1,	13,	5,	0,	'remedial',	'2017-12-31 00:00:00',	0),
(69,	NULL,	NULL,	'2018-09-16 18:30:00',	'2018-09-16 18:30:00',	3,	0,	0,	7,	0,	'regular',	'2017-05-31 00:00:00',	0),
(70,	NULL,	NULL,	'2018-09-16 18:30:00',	'2018-09-16 18:30:00',	3,	0,	7,	2,	0,	'regular',	'2017-12-31 00:00:00',	0),
(71,	NULL,	NULL,	'2018-09-16 18:30:00',	'2018-09-16 18:30:00',	3,	0,	0,	1,	0,	'regular',	'2017-05-31 00:00:00',	0),
(72,	NULL,	NULL,	'2018-09-16 18:30:00',	'2018-09-16 18:30:00',	3,	0,	13,	6,	0,	'remedial',	'0000-00-00 00:00:00',	0),
(73,	NULL,	NULL,	'2018-09-16 18:30:00',	'2018-09-16 18:30:00',	3,	0,	0,	7,	0,	'regular',	'0000-00-00 00:00:00',	0),
(74,	NULL,	NULL,	'2018-09-16 18:30:00',	'2018-09-16 18:30:00',	3,	0,	7,	2,	0,	'regular',	'2017-12-31 00:00:00',	0),
(75,	NULL,	NULL,	'2018-09-16 18:30:00',	'2018-09-16 18:30:00',	3,	1,	0,	2,	0,	'regular',	'2017-12-31 00:00:00',	0),
(76,	NULL,	NULL,	'2018-09-16 18:30:00',	'2018-09-16 18:30:00',	3,	0,	13,	6,	0,	'remedial',	'2017-05-31 00:00:00',	0);

DROP TABLE IF EXISTS `external_media`;
CREATE TABLE `external_media` (
  `id` int(10) unsigned NOT NULL AUTO_INCREMENT,
  `creator_id` int(10) unsigned DEFAULT NULL,
  `updater_id` int(10) unsigned DEFAULT NULL,
  `external_id` int(10) unsigned NOT NULL,
  `media_id` int(10) unsigned NOT NULL,
  PRIMARY KEY (`id`)
) ENGINE=InnoDB DEFAULT CHARSET=utf8mb4 COLLATE=utf8mb4_unicode_ci;


DROP TABLE IF EXISTS `faculties`;
CREATE TABLE `faculties` (
  `id` int(10) unsigned NOT NULL AUTO_INCREMENT,
  `creator_id` int(10) unsigned DEFAULT NULL,
  `updater_id` int(10) unsigned DEFAULT NULL,
  `created_at` timestamp NULL DEFAULT NULL,
  `updated_at` timestamp NULL DEFAULT NULL,
  `deleted_at` timestamp NULL DEFAULT NULL,
  `name` varchar(191) COLLATE utf8mb4_unicode_ci NOT NULL COMMENT 'faculty name.',
  `description` longtext COLLATE utf8mb4_unicode_ci DEFAULT NULL,
  `media_id` int(11) NOT NULL,
  `priority` int(10) unsigned NOT NULL DEFAULT 0,
  `slug` longtext COLLATE utf8mb4_unicode_ci NOT NULL,
  `alias` varchar(191) COLLATE utf8mb4_unicode_ci DEFAULT NULL,
  PRIMARY KEY (`id`),
  UNIQUE KEY `faculties_name_unique` (`name`)
) ENGINE=InnoDB DEFAULT CHARSET=utf8mb4 COLLATE=utf8mb4_unicode_ci;

INSERT INTO `faculties` (`id`, `creator_id`, `updater_id`, `created_at`, `updated_at`, `deleted_at`, `name`, `description`, `media_id`, `priority`, `slug`, `alias`) VALUES
(1,	NULL,	NULL,	'2018-09-14 07:22:41',	'2018-09-14 07:22:41',	NULL,	'Engineering',	NULL,	0,	0,	'engineering',	NULL),
(2,	NULL,	NULL,	'2018-09-14 07:22:41',	'2018-09-14 07:22:41',	NULL,	'Design',	NULL,	0,	0,	'design',	NULL),
(3,	NULL,	NULL,	'2018-09-14 07:22:41',	'2018-09-14 07:22:41',	NULL,	'Sciences',	NULL,	0,	0,	'sciences',	NULL);

DROP TABLE IF EXISTS `industry_connects`;
CREATE TABLE `industry_connects` (
  `id` int(10) unsigned NOT NULL AUTO_INCREMENT,
  `creator_id` int(10) unsigned DEFAULT NULL,
  `updater_id` int(10) unsigned DEFAULT NULL,
  `created_at` timestamp NULL DEFAULT NULL,
  `updated_at` timestamp NULL DEFAULT NULL,
  `name` varchar(191) COLLATE utf8mb4_unicode_ci NOT NULL,
  `media_id` int(11) NOT NULL,
  PRIMARY KEY (`id`)
) ENGINE=InnoDB DEFAULT CHARSET=utf8mb4 COLLATE=utf8mb4_unicode_ci;

INSERT INTO `industry_connects` (`id`, `creator_id`, `updater_id`, `created_at`, `updated_at`, `name`, `media_id`) VALUES
(10,	NULL,	NULL,	'2018-09-17 04:43:25',	'2018-09-17 04:43:25',	'Reliance',	15),
(11,	NULL,	NULL,	'2018-09-17 04:44:09',	'2018-09-17 04:44:09',	'TATA',	16),
(12,	NULL,	NULL,	'2018-09-17 04:44:40',	'2018-09-17 04:44:40',	'Infosys',	17),
(13,	NULL,	NULL,	'2018-09-17 04:45:07',	'2018-09-17 04:45:07',	'TATA Motors',	18),
(14,	NULL,	NULL,	'2018-09-17 04:45:43',	'2018-09-17 04:45:43',	'IBM',	19),
(15,	NULL,	NULL,	'2018-09-17 04:46:25',	'2018-09-17 04:46:25',	'CallaBera',	20);

DROP TABLE IF EXISTS `institutes`;
CREATE TABLE `institutes` (
  `id` int(10) unsigned NOT NULL AUTO_INCREMENT,
  `creator_id` int(10) unsigned DEFAULT NULL,
  `updater_id` int(10) unsigned DEFAULT NULL,
  `created_at` timestamp NULL DEFAULT NULL,
  `updated_at` timestamp NULL DEFAULT NULL,
  `deleted_at` timestamp NULL DEFAULT NULL,
  `name` varchar(191) COLLATE utf8mb4_unicode_ci NOT NULL COMMENT 'Institute name',
  `priority` int(11) NOT NULL DEFAULT 0 COMMENT 'Priority for Institute to be displayed',
  PRIMARY KEY (`id`)
) ENGINE=InnoDB DEFAULT CHARSET=utf8mb4 COLLATE=utf8mb4_unicode_ci;

INSERT INTO `institutes` (`id`, `creator_id`, `updater_id`, `created_at`, `updated_at`, `deleted_at`, `name`, `priority`) VALUES
(1,	NULL,	NULL,	'2018-09-14 07:22:42',	'2018-09-14 07:22:42',	NULL,	'Ganpat University',	0),
(2,	NULL,	NULL,	'2018-09-14 07:22:42',	'2018-09-14 07:22:42',	NULL,	'B. S. Patel Polytechnic',	0),
(3,	NULL,	NULL,	'2018-09-14 07:22:42',	'2018-09-14 07:22:42',	NULL,	'A.S.Patel Industrial Training Institute',	0),
(4,	NULL,	NULL,	'2018-09-14 07:22:42',	'2018-09-14 07:22:42',	NULL,	'Krishi Vigyan Kendra (KVK)',	0),
(5,	NULL,	NULL,	'2018-09-14 07:22:42',	'2018-09-14 07:22:42',	NULL,	'Smt. Manjulaben Ganpatbhai Patel Girls Sainik School',	0);

DROP TABLE IF EXISTS `institute_mappings`;
CREATE TABLE `institute_mappings` (
  `id` int(10) unsigned NOT NULL AUTO_INCREMENT,
  `creator_id` int(10) unsigned DEFAULT NULL,
  `updater_id` int(10) unsigned DEFAULT NULL,
  `created_at` timestamp NULL DEFAULT NULL,
  `updated_at` timestamp NULL DEFAULT NULL,
  `deleted_at` timestamp NULL DEFAULT NULL,
  `qualification_map_id` int(10) unsigned NOT NULL COMMENT 'QualificationMap id',
  `institute_id` int(10) unsigned NOT NULL COMMENT 'Institute id',
  PRIMARY KEY (`id`),
  KEY `institute_mappings_qualification_map_id_index` (`qualification_map_id`),
  KEY `institute_mappings_institute_id_index` (`institute_id`)
) ENGINE=InnoDB DEFAULT CHARSET=utf8mb4 COLLATE=utf8mb4_unicode_ci;

INSERT INTO `institute_mappings` (`id`, `creator_id`, `updater_id`, `created_at`, `updated_at`, `deleted_at`, `qualification_map_id`, `institute_id`) VALUES
(1,	1,	1,	'2018-09-13 05:15:27',	'2018-09-13 05:15:27',	NULL,	1,	1),
(2,	1,	1,	'2018-09-13 05:15:27',	'2018-09-13 05:15:27',	NULL,	2,	2),
(3,	1,	1,	'2018-09-13 05:15:27',	'2018-09-13 05:15:27',	NULL,	3,	3),
(4,	1,	1,	'2018-09-13 05:15:27',	'2018-09-13 05:15:27',	NULL,	4,	4),
(5,	1,	1,	'2018-09-13 05:15:27',	'2018-09-13 05:15:27',	NULL,	5,	1),
(6,	1,	1,	'2018-09-13 05:15:27',	'2018-09-13 05:15:27',	NULL,	6,	1),
(7,	1,	1,	'2018-09-13 05:15:27',	'2018-09-13 05:15:27',	NULL,	7,	1),
(8,	1,	1,	'2018-09-13 05:15:27',	'2018-09-13 05:15:27',	NULL,	8,	1),
(9,	1,	1,	'2018-09-13 05:15:27',	'2018-09-13 05:15:27',	NULL,	9,	1),
(10,	1,	1,	'2018-09-13 05:15:27',	'2018-09-13 05:15:27',	NULL,	10,	1),
(11,	1,	1,	'2018-09-13 05:15:27',	'2018-09-13 05:15:27',	NULL,	11,	1),
(12,	1,	1,	'2018-09-13 05:15:27',	'2018-09-13 05:15:27',	NULL,	12,	1),
(13,	1,	1,	'2018-09-13 05:15:27',	'2018-09-13 05:15:27',	NULL,	13,	1),
(14,	1,	1,	'2018-09-14 06:52:46',	'2018-09-14 06:52:46',	NULL,	14,	1),
(15,	1,	1,	'2018-09-14 06:52:46',	'2018-09-14 06:52:46',	NULL,	15,	1),
(16,	1,	1,	'2018-09-14 06:52:46',	'2018-09-14 06:52:46',	NULL,	16,	1),
(17,	1,	1,	'2018-09-14 06:52:46',	'2018-09-14 06:52:46',	NULL,	17,	1),
(18,	1,	1,	'2018-09-14 06:52:46',	'2018-09-14 06:52:46',	NULL,	18,	2),
(19,	1,	1,	'2018-09-14 06:52:46',	'2018-09-14 06:52:46',	NULL,	19,	1),
(20,	1,	1,	'2018-09-14 06:52:46',	'2018-09-14 06:52:46',	NULL,	20,	2),
(21,	1,	1,	'2018-09-14 06:52:46',	'2018-09-14 06:52:46',	NULL,	21,	1),
(22,	1,	1,	'2018-09-14 06:52:46',	'2018-09-14 06:52:46',	NULL,	22,	3),
(23,	1,	1,	'2018-09-14 06:52:46',	'2018-09-14 06:52:46',	NULL,	23,	1),
(24,	1,	1,	'2018-09-14 06:52:46',	'2018-09-14 06:52:46',	NULL,	24,	1),
(25,	1,	1,	'2018-09-14 06:52:46',	'2018-09-14 06:52:46',	NULL,	25,	3),
(26,	1,	1,	'2018-09-14 06:52:46',	'2018-09-14 06:52:46',	NULL,	26,	4),
(27,	1,	1,	'2018-09-14 06:52:46',	'2018-09-14 06:52:46',	NULL,	27,	3),
(28,	1,	1,	'2018-09-14 06:52:46',	'2018-09-14 06:52:46',	NULL,	28,	5),
(29,	1,	1,	'2018-09-14 06:52:46',	'2018-09-14 06:52:46',	NULL,	29,	2),
(30,	1,	1,	'2018-09-14 06:52:46',	'2018-09-14 06:52:46',	NULL,	31,	4),
(31,	1,	1,	'2018-09-14 06:52:46',	'2018-09-14 06:52:46',	NULL,	31,	5),
(32,	1,	1,	'2018-09-14 06:52:46',	'2018-09-14 06:52:46',	NULL,	32,	3),
(33,	1,	1,	'2018-09-14 06:52:46',	'2018-09-14 06:52:46',	NULL,	33,	4),
(34,	1,	1,	'2018-09-14 06:55:21',	'2018-09-14 06:55:21',	NULL,	34,	1),
(35,	1,	1,	'2018-09-14 06:55:21',	'2018-09-14 06:55:21',	NULL,	35,	1),
(36,	1,	1,	'2018-09-14 06:55:21',	'2018-09-14 06:55:21',	NULL,	36,	1),
(37,	1,	1,	'2018-09-14 06:55:21',	'2018-09-14 06:55:21',	NULL,	37,	1),
(38,	1,	1,	'2018-09-14 06:55:21',	'2018-09-14 06:55:21',	NULL,	38,	2),
(39,	1,	1,	'2018-09-14 06:55:21',	'2018-09-14 06:55:21',	NULL,	39,	1),
(40,	1,	1,	'2018-09-14 06:55:21',	'2018-09-14 06:55:21',	NULL,	40,	2),
(41,	1,	1,	'2018-09-14 06:55:21',	'2018-09-14 06:55:21',	NULL,	41,	1),
(42,	1,	1,	'2018-09-14 06:55:21',	'2018-09-14 06:55:21',	NULL,	42,	3),
(43,	1,	1,	'2018-09-14 06:55:21',	'2018-09-14 06:55:21',	NULL,	43,	1),
(44,	1,	1,	'2018-09-14 06:55:21',	'2018-09-14 06:55:21',	NULL,	44,	1),
(45,	1,	1,	'2018-09-14 06:55:21',	'2018-09-14 06:55:21',	NULL,	45,	3),
(46,	1,	1,	'2018-09-14 06:55:21',	'2018-09-14 06:55:21',	NULL,	46,	4),
(47,	1,	1,	'2018-09-14 06:55:21',	'2018-09-14 06:55:21',	NULL,	47,	3),
(48,	1,	1,	'2018-09-14 06:55:21',	'2018-09-14 06:55:21',	NULL,	48,	5),
(49,	1,	1,	'2018-09-14 06:55:21',	'2018-09-14 06:55:21',	NULL,	49,	2),
(50,	1,	1,	'2018-09-14 06:55:21',	'2018-09-14 06:55:21',	NULL,	51,	4),
(51,	1,	1,	'2018-09-14 06:55:21',	'2018-09-14 06:55:21',	NULL,	51,	5),
(52,	1,	1,	'2018-09-14 06:55:21',	'2018-09-14 06:55:21',	NULL,	52,	3),
(53,	1,	1,	'2018-09-14 06:55:21',	'2018-09-14 06:55:21',	NULL,	53,	4),
(54,	NULL,	NULL,	'2018-09-14 07:11:13',	'2018-09-14 07:11:13',	NULL,	54,	1),
(55,	NULL,	NULL,	'2018-09-14 07:11:13',	'2018-09-14 07:11:13',	NULL,	55,	1),
(56,	NULL,	NULL,	'2018-09-14 07:11:13',	'2018-09-14 07:11:13',	NULL,	56,	1),
(57,	NULL,	NULL,	'2018-09-14 07:11:13',	'2018-09-14 07:11:13',	NULL,	57,	1),
(58,	NULL,	NULL,	'2018-09-14 07:11:13',	'2018-09-14 07:11:13',	NULL,	58,	2),
(59,	NULL,	NULL,	'2018-09-14 07:11:13',	'2018-09-14 07:11:13',	NULL,	59,	1),
(60,	NULL,	NULL,	'2018-09-14 07:11:13',	'2018-09-14 07:11:13',	NULL,	60,	2),
(61,	NULL,	NULL,	'2018-09-14 07:11:13',	'2018-09-14 07:11:13',	NULL,	61,	1),
(62,	NULL,	NULL,	'2018-09-14 07:11:13',	'2018-09-14 07:11:13',	NULL,	62,	3),
(63,	NULL,	NULL,	'2018-09-14 07:11:13',	'2018-09-14 07:11:13',	NULL,	63,	1),
(64,	NULL,	NULL,	'2018-09-14 07:11:13',	'2018-09-14 07:11:13',	NULL,	64,	1),
(65,	NULL,	NULL,	'2018-09-14 07:11:13',	'2018-09-14 07:11:13',	NULL,	65,	3),
(66,	NULL,	NULL,	'2018-09-14 07:11:13',	'2018-09-14 07:11:13',	NULL,	66,	4),
(67,	NULL,	NULL,	'2018-09-14 07:11:13',	'2018-09-14 07:11:13',	NULL,	67,	3),
(68,	NULL,	NULL,	'2018-09-14 07:11:13',	'2018-09-14 07:11:13',	NULL,	68,	5),
(69,	NULL,	NULL,	'2018-09-14 07:11:13',	'2018-09-14 07:11:13',	NULL,	69,	2),
(70,	NULL,	NULL,	'2018-09-14 07:11:13',	'2018-09-14 07:11:13',	NULL,	71,	4),
(71,	NULL,	NULL,	'2018-09-14 07:11:13',	'2018-09-14 07:11:13',	NULL,	71,	5),
(72,	NULL,	NULL,	'2018-09-14 07:11:13',	'2018-09-14 07:11:13',	NULL,	72,	3),
(73,	NULL,	NULL,	'2018-09-14 07:11:13',	'2018-09-14 07:11:13',	NULL,	73,	4),
(74,	NULL,	NULL,	'2018-09-14 07:11:38',	'2018-09-14 07:11:38',	NULL,	74,	1),
(75,	NULL,	NULL,	'2018-09-14 07:11:38',	'2018-09-14 07:11:38',	NULL,	75,	1),
(76,	NULL,	NULL,	'2018-09-14 07:11:38',	'2018-09-14 07:11:38',	NULL,	76,	1),
(77,	NULL,	NULL,	'2018-09-14 07:11:38',	'2018-09-14 07:11:38',	NULL,	77,	1),
(78,	NULL,	NULL,	'2018-09-14 07:11:38',	'2018-09-14 07:11:38',	NULL,	78,	2),
(79,	NULL,	NULL,	'2018-09-14 07:11:38',	'2018-09-14 07:11:38',	NULL,	79,	1),
(80,	NULL,	NULL,	'2018-09-14 07:11:38',	'2018-09-14 07:11:38',	NULL,	80,	2),
(81,	NULL,	NULL,	'2018-09-14 07:11:38',	'2018-09-14 07:11:38',	NULL,	81,	1),
(82,	NULL,	NULL,	'2018-09-14 07:11:38',	'2018-09-14 07:11:38',	NULL,	82,	3),
(83,	NULL,	NULL,	'2018-09-14 07:11:38',	'2018-09-14 07:11:38',	NULL,	83,	1),
(84,	NULL,	NULL,	'2018-09-14 07:11:38',	'2018-09-14 07:11:38',	NULL,	84,	1),
(85,	NULL,	NULL,	'2018-09-14 07:11:38',	'2018-09-14 07:11:38',	NULL,	85,	3),
(86,	NULL,	NULL,	'2018-09-14 07:11:38',	'2018-09-14 07:11:38',	NULL,	86,	4),
(87,	NULL,	NULL,	'2018-09-14 07:11:38',	'2018-09-14 07:11:38',	NULL,	87,	3),
(88,	NULL,	NULL,	'2018-09-14 07:11:38',	'2018-09-14 07:11:38',	NULL,	88,	5),
(89,	NULL,	NULL,	'2018-09-14 07:11:38',	'2018-09-14 07:11:38',	NULL,	89,	2),
(90,	NULL,	NULL,	'2018-09-14 07:11:38',	'2018-09-14 07:11:38',	NULL,	91,	4),
(91,	NULL,	NULL,	'2018-09-14 07:11:38',	'2018-09-14 07:11:38',	NULL,	91,	5),
(92,	NULL,	NULL,	'2018-09-14 07:11:38',	'2018-09-14 07:11:38',	NULL,	92,	3),
(93,	NULL,	NULL,	'2018-09-14 07:11:38',	'2018-09-14 07:11:38',	NULL,	93,	4),
(94,	NULL,	NULL,	'2018-09-14 07:11:53',	'2018-09-14 07:11:53',	NULL,	94,	1),
(95,	NULL,	NULL,	'2018-09-14 07:11:53',	'2018-09-14 07:11:53',	NULL,	95,	1),
(96,	NULL,	NULL,	'2018-09-14 07:11:53',	'2018-09-14 07:11:53',	NULL,	96,	1),
(97,	NULL,	NULL,	'2018-09-14 07:11:53',	'2018-09-14 07:11:53',	NULL,	97,	1),
(98,	NULL,	NULL,	'2018-09-14 07:11:53',	'2018-09-14 07:11:53',	NULL,	98,	2),
(99,	NULL,	NULL,	'2018-09-14 07:11:53',	'2018-09-14 07:11:53',	NULL,	99,	1),
(100,	NULL,	NULL,	'2018-09-14 07:11:53',	'2018-09-14 07:11:53',	NULL,	100,	2),
(101,	NULL,	NULL,	'2018-09-14 07:11:53',	'2018-09-14 07:11:53',	NULL,	101,	1),
(102,	NULL,	NULL,	'2018-09-14 07:11:53',	'2018-09-14 07:11:53',	NULL,	102,	3),
(103,	NULL,	NULL,	'2018-09-14 07:11:53',	'2018-09-14 07:11:53',	NULL,	103,	1),
(104,	NULL,	NULL,	'2018-09-14 07:11:53',	'2018-09-14 07:11:53',	NULL,	104,	1),
(105,	NULL,	NULL,	'2018-09-14 07:11:53',	'2018-09-14 07:11:53',	NULL,	105,	3),
(106,	NULL,	NULL,	'2018-09-14 07:11:53',	'2018-09-14 07:11:53',	NULL,	106,	4),
(107,	NULL,	NULL,	'2018-09-14 07:11:53',	'2018-09-14 07:11:53',	NULL,	107,	3),
(108,	NULL,	NULL,	'2018-09-14 07:11:53',	'2018-09-14 07:11:53',	NULL,	108,	5),
(109,	NULL,	NULL,	'2018-09-14 07:11:53',	'2018-09-14 07:11:53',	NULL,	109,	2),
(110,	NULL,	NULL,	'2018-09-14 07:11:53',	'2018-09-14 07:11:53',	NULL,	111,	4),
(111,	NULL,	NULL,	'2018-09-14 07:11:53',	'2018-09-14 07:11:53',	NULL,	111,	5),
(112,	NULL,	NULL,	'2018-09-14 07:11:53',	'2018-09-14 07:11:53',	NULL,	112,	3),
(113,	NULL,	NULL,	'2018-09-14 07:11:53',	'2018-09-14 07:11:53',	NULL,	113,	4),
(114,	NULL,	NULL,	'2018-09-14 07:18:47',	'2018-09-14 07:18:47',	NULL,	114,	1),
(115,	NULL,	NULL,	'2018-09-14 07:18:47',	'2018-09-14 07:18:47',	NULL,	115,	1),
(116,	NULL,	NULL,	'2018-09-14 07:18:47',	'2018-09-14 07:18:47',	NULL,	116,	1),
(117,	NULL,	NULL,	'2018-09-14 07:18:47',	'2018-09-14 07:18:47',	NULL,	117,	1),
(118,	NULL,	NULL,	'2018-09-14 07:18:47',	'2018-09-14 07:18:47',	NULL,	118,	2),
(119,	NULL,	NULL,	'2018-09-14 07:18:47',	'2018-09-14 07:18:47',	NULL,	119,	1),
(120,	NULL,	NULL,	'2018-09-14 07:18:47',	'2018-09-14 07:18:47',	NULL,	120,	2),
(121,	NULL,	NULL,	'2018-09-14 07:18:47',	'2018-09-14 07:18:47',	NULL,	121,	1),
(122,	NULL,	NULL,	'2018-09-14 07:18:47',	'2018-09-14 07:18:47',	NULL,	122,	3),
(123,	NULL,	NULL,	'2018-09-14 07:18:47',	'2018-09-14 07:18:47',	NULL,	123,	1),
(124,	NULL,	NULL,	'2018-09-14 07:18:47',	'2018-09-14 07:18:47',	NULL,	124,	1),
(125,	NULL,	NULL,	'2018-09-14 07:18:47',	'2018-09-14 07:18:47',	NULL,	125,	3),
(126,	NULL,	NULL,	'2018-09-14 07:18:47',	'2018-09-14 07:18:47',	NULL,	126,	4),
(127,	NULL,	NULL,	'2018-09-14 07:18:47',	'2018-09-14 07:18:47',	NULL,	127,	3),
(128,	NULL,	NULL,	'2018-09-14 07:18:47',	'2018-09-14 07:18:47',	NULL,	128,	5),
(129,	NULL,	NULL,	'2018-09-14 07:18:47',	'2018-09-14 07:18:47',	NULL,	129,	2),
(130,	NULL,	NULL,	'2018-09-14 07:18:47',	'2018-09-14 07:18:47',	NULL,	131,	4),
(131,	NULL,	NULL,	'2018-09-14 07:18:47',	'2018-09-14 07:18:47',	NULL,	131,	5),
(132,	NULL,	NULL,	'2018-09-14 07:18:47',	'2018-09-14 07:18:47',	NULL,	132,	3),
(133,	NULL,	NULL,	'2018-09-14 07:18:47',	'2018-09-14 07:18:47',	NULL,	133,	4),
(134,	NULL,	NULL,	'2018-09-14 07:19:39',	'2018-09-14 07:19:39',	NULL,	134,	1),
(135,	NULL,	NULL,	'2018-09-14 07:19:39',	'2018-09-14 07:19:39',	NULL,	135,	1),
(136,	NULL,	NULL,	'2018-09-14 07:19:39',	'2018-09-14 07:19:39',	NULL,	136,	1),
(137,	NULL,	NULL,	'2018-09-14 07:19:39',	'2018-09-14 07:19:39',	NULL,	137,	1),
(138,	NULL,	NULL,	'2018-09-14 07:19:39',	'2018-09-14 07:19:39',	NULL,	138,	2),
(139,	NULL,	NULL,	'2018-09-14 07:19:39',	'2018-09-14 07:19:39',	NULL,	139,	1),
(140,	NULL,	NULL,	'2018-09-14 07:19:39',	'2018-09-14 07:19:39',	NULL,	140,	2),
(141,	NULL,	NULL,	'2018-09-14 07:19:39',	'2018-09-14 07:19:39',	NULL,	141,	1),
(142,	NULL,	NULL,	'2018-09-14 07:19:39',	'2018-09-14 07:19:39',	NULL,	142,	3),
(143,	NULL,	NULL,	'2018-09-14 07:19:39',	'2018-09-14 07:19:39',	NULL,	143,	1),
(144,	NULL,	NULL,	'2018-09-14 07:19:39',	'2018-09-14 07:19:39',	NULL,	144,	1),
(145,	NULL,	NULL,	'2018-09-14 07:19:39',	'2018-09-14 07:19:39',	NULL,	145,	3),
(146,	NULL,	NULL,	'2018-09-14 07:19:39',	'2018-09-14 07:19:39',	NULL,	146,	4),
(147,	NULL,	NULL,	'2018-09-14 07:19:39',	'2018-09-14 07:19:39',	NULL,	147,	3),
(148,	NULL,	NULL,	'2018-09-14 07:19:39',	'2018-09-14 07:19:39',	NULL,	148,	5),
(149,	NULL,	NULL,	'2018-09-14 07:19:39',	'2018-09-14 07:19:39',	NULL,	149,	2),
(150,	NULL,	NULL,	'2018-09-14 07:19:39',	'2018-09-14 07:19:39',	NULL,	151,	4),
(151,	NULL,	NULL,	'2018-09-14 07:19:39',	'2018-09-14 07:19:39',	NULL,	151,	5),
(152,	NULL,	NULL,	'2018-09-14 07:19:39',	'2018-09-14 07:19:39',	NULL,	152,	3),
(153,	NULL,	NULL,	'2018-09-14 07:19:39',	'2018-09-14 07:19:39',	NULL,	153,	4),
(154,	NULL,	NULL,	'2018-09-14 07:20:51',	'2018-09-14 07:20:51',	NULL,	154,	1),
(155,	NULL,	NULL,	'2018-09-14 07:20:51',	'2018-09-14 07:20:51',	NULL,	155,	1),
(156,	NULL,	NULL,	'2018-09-14 07:20:51',	'2018-09-14 07:20:51',	NULL,	156,	1),
(157,	NULL,	NULL,	'2018-09-14 07:20:51',	'2018-09-14 07:20:51',	NULL,	157,	1),
(158,	NULL,	NULL,	'2018-09-14 07:20:51',	'2018-09-14 07:20:51',	NULL,	158,	2),
(159,	NULL,	NULL,	'2018-09-14 07:20:51',	'2018-09-14 07:20:51',	NULL,	159,	1),
(160,	NULL,	NULL,	'2018-09-14 07:20:51',	'2018-09-14 07:20:51',	NULL,	160,	2),
(161,	NULL,	NULL,	'2018-09-14 07:20:51',	'2018-09-14 07:20:51',	NULL,	161,	1),
(162,	NULL,	NULL,	'2018-09-14 07:20:51',	'2018-09-14 07:20:51',	NULL,	162,	3),
(163,	NULL,	NULL,	'2018-09-14 07:20:51',	'2018-09-14 07:20:51',	NULL,	163,	1),
(164,	NULL,	NULL,	'2018-09-14 07:20:51',	'2018-09-14 07:20:51',	NULL,	164,	1),
(165,	NULL,	NULL,	'2018-09-14 07:20:51',	'2018-09-14 07:20:51',	NULL,	165,	3),
(166,	NULL,	NULL,	'2018-09-14 07:20:51',	'2018-09-14 07:20:51',	NULL,	166,	4),
(167,	NULL,	NULL,	'2018-09-14 07:20:51',	'2018-09-14 07:20:51',	NULL,	167,	3),
(168,	NULL,	NULL,	'2018-09-14 07:20:51',	'2018-09-14 07:20:51',	NULL,	168,	5),
(169,	NULL,	NULL,	'2018-09-14 07:20:51',	'2018-09-14 07:20:51',	NULL,	169,	2),
(170,	NULL,	NULL,	'2018-09-14 07:20:51',	'2018-09-14 07:20:51',	NULL,	171,	4),
(171,	NULL,	NULL,	'2018-09-14 07:20:51',	'2018-09-14 07:20:51',	NULL,	171,	5),
(172,	NULL,	NULL,	'2018-09-14 07:20:51',	'2018-09-14 07:20:51',	NULL,	172,	3),
(173,	NULL,	NULL,	'2018-09-14 07:20:51',	'2018-09-14 07:20:51',	NULL,	173,	4),
(174,	NULL,	NULL,	'2018-09-14 07:22:42',	'2018-09-14 07:22:42',	NULL,	174,	1),
(175,	NULL,	NULL,	'2018-09-14 07:22:42',	'2018-09-14 07:22:42',	NULL,	175,	1),
(176,	NULL,	NULL,	'2018-09-14 07:22:42',	'2018-09-14 07:22:42',	NULL,	176,	1),
(177,	NULL,	NULL,	'2018-09-14 07:22:42',	'2018-09-14 07:22:42',	NULL,	177,	1),
(178,	NULL,	NULL,	'2018-09-14 07:22:42',	'2018-09-14 07:22:42',	NULL,	178,	2),
(179,	NULL,	NULL,	'2018-09-14 07:22:42',	'2018-09-14 07:22:42',	NULL,	179,	1),
(180,	NULL,	NULL,	'2018-09-14 07:22:42',	'2018-09-14 07:22:42',	NULL,	180,	2),
(181,	NULL,	NULL,	'2018-09-14 07:22:42',	'2018-09-14 07:22:42',	NULL,	181,	1),
(182,	NULL,	NULL,	'2018-09-14 07:22:42',	'2018-09-14 07:22:42',	NULL,	182,	3),
(183,	NULL,	NULL,	'2018-09-14 07:22:42',	'2018-09-14 07:22:42',	NULL,	183,	1),
(184,	NULL,	NULL,	'2018-09-14 07:22:42',	'2018-09-14 07:22:42',	NULL,	184,	1),
(185,	NULL,	NULL,	'2018-09-14 07:22:42',	'2018-09-14 07:22:42',	NULL,	185,	3),
(186,	NULL,	NULL,	'2018-09-14 07:22:42',	'2018-09-14 07:22:42',	NULL,	186,	4),
(187,	NULL,	NULL,	'2018-09-14 07:22:42',	'2018-09-14 07:22:42',	NULL,	187,	3),
(188,	NULL,	NULL,	'2018-09-14 07:22:42',	'2018-09-14 07:22:42',	NULL,	188,	5),
(189,	NULL,	NULL,	'2018-09-14 07:22:42',	'2018-09-14 07:22:42',	NULL,	189,	2),
(190,	NULL,	NULL,	'2018-09-14 07:22:42',	'2018-09-14 07:22:42',	NULL,	191,	4),
(191,	NULL,	NULL,	'2018-09-14 07:22:42',	'2018-09-14 07:22:42',	NULL,	191,	5),
(192,	NULL,	NULL,	'2018-09-14 07:22:42',	'2018-09-14 07:22:42',	NULL,	192,	3),
(193,	NULL,	NULL,	'2018-09-14 07:22:42',	'2018-09-14 07:22:42',	NULL,	193,	4),
(194,	NULL,	NULL,	'2018-09-14 07:23:51',	'2018-09-14 07:23:51',	NULL,	194,	1),
(195,	NULL,	NULL,	'2018-09-14 07:23:51',	'2018-09-14 07:23:51',	NULL,	195,	1),
(196,	NULL,	NULL,	'2018-09-14 07:23:51',	'2018-09-14 07:23:51',	NULL,	196,	1),
(197,	NULL,	NULL,	'2018-09-14 07:23:51',	'2018-09-14 07:23:51',	NULL,	197,	1),
(198,	NULL,	NULL,	'2018-09-14 07:23:51',	'2018-09-14 07:23:51',	NULL,	198,	2),
(199,	NULL,	NULL,	'2018-09-14 07:23:51',	'2018-09-14 07:23:51',	NULL,	199,	1),
(200,	NULL,	NULL,	'2018-09-14 07:23:51',	'2018-09-14 07:23:51',	NULL,	200,	2),
(201,	NULL,	NULL,	'2018-09-14 07:23:51',	'2018-09-14 07:23:51',	NULL,	201,	1),
(202,	NULL,	NULL,	'2018-09-14 07:23:51',	'2018-09-14 07:23:51',	NULL,	202,	3),
(203,	NULL,	NULL,	'2018-09-14 07:23:51',	'2018-09-14 07:23:51',	NULL,	203,	1),
(204,	NULL,	NULL,	'2018-09-14 07:23:51',	'2018-09-14 07:23:51',	NULL,	204,	1),
(205,	NULL,	NULL,	'2018-09-14 07:23:51',	'2018-09-14 07:23:51',	NULL,	205,	3),
(206,	NULL,	NULL,	'2018-09-14 07:23:51',	'2018-09-14 07:23:51',	NULL,	206,	4),
(207,	NULL,	NULL,	'2018-09-14 07:23:51',	'2018-09-14 07:23:51',	NULL,	207,	3),
(208,	NULL,	NULL,	'2018-09-14 07:23:51',	'2018-09-14 07:23:51',	NULL,	208,	5),
(209,	NULL,	NULL,	'2018-09-14 07:23:51',	'2018-09-14 07:23:51',	NULL,	209,	2),
(210,	NULL,	NULL,	'2018-09-14 07:23:51',	'2018-09-14 07:23:51',	NULL,	211,	4),
(211,	NULL,	NULL,	'2018-09-14 07:23:51',	'2018-09-14 07:23:51',	NULL,	211,	5),
(212,	NULL,	NULL,	'2018-09-14 07:23:51',	'2018-09-14 07:23:51',	NULL,	212,	3),
(213,	NULL,	NULL,	'2018-09-14 07:23:51',	'2018-09-14 07:23:51',	NULL,	213,	4),
(214,	NULL,	NULL,	'2018-09-14 07:24:00',	'2018-09-14 07:24:00',	NULL,	214,	1),
(215,	NULL,	NULL,	'2018-09-14 07:24:00',	'2018-09-14 07:24:00',	NULL,	215,	1),
(216,	NULL,	NULL,	'2018-09-14 07:24:00',	'2018-09-14 07:24:00',	NULL,	216,	1),
(217,	NULL,	NULL,	'2018-09-14 07:24:00',	'2018-09-14 07:24:00',	NULL,	217,	1),
(218,	NULL,	NULL,	'2018-09-14 07:24:00',	'2018-09-14 07:24:00',	NULL,	218,	2),
(219,	NULL,	NULL,	'2018-09-14 07:24:00',	'2018-09-14 07:24:00',	NULL,	219,	1),
(220,	NULL,	NULL,	'2018-09-14 07:24:00',	'2018-09-14 07:24:00',	NULL,	220,	2),
(221,	NULL,	NULL,	'2018-09-14 07:24:00',	'2018-09-14 07:24:00',	NULL,	221,	1),
(222,	NULL,	NULL,	'2018-09-14 07:24:00',	'2018-09-14 07:24:00',	NULL,	222,	3),
(223,	NULL,	NULL,	'2018-09-14 07:24:00',	'2018-09-14 07:24:00',	NULL,	223,	1),
(224,	NULL,	NULL,	'2018-09-14 07:24:00',	'2018-09-14 07:24:00',	NULL,	224,	1),
(225,	NULL,	NULL,	'2018-09-14 07:24:00',	'2018-09-14 07:24:00',	NULL,	225,	3),
(226,	NULL,	NULL,	'2018-09-14 07:24:00',	'2018-09-14 07:24:00',	NULL,	226,	4),
(227,	NULL,	NULL,	'2018-09-14 07:24:00',	'2018-09-14 07:24:00',	NULL,	227,	3),
(228,	NULL,	NULL,	'2018-09-14 07:24:00',	'2018-09-14 07:24:00',	NULL,	228,	5),
(229,	NULL,	NULL,	'2018-09-14 07:24:00',	'2018-09-14 07:24:00',	NULL,	229,	2),
(230,	NULL,	NULL,	'2018-09-14 07:24:00',	'2018-09-14 07:24:00',	NULL,	231,	4),
(231,	NULL,	NULL,	'2018-09-14 07:24:00',	'2018-09-14 07:24:00',	NULL,	231,	5),
(232,	NULL,	NULL,	'2018-09-14 07:24:00',	'2018-09-14 07:24:00',	NULL,	232,	3),
(233,	NULL,	NULL,	'2018-09-14 07:24:00',	'2018-09-14 07:24:00',	NULL,	233,	4),
(234,	NULL,	NULL,	'2018-09-14 07:25:03',	'2018-09-14 07:25:03',	NULL,	234,	1),
(235,	NULL,	NULL,	'2018-09-14 07:25:03',	'2018-09-14 07:25:03',	NULL,	235,	1),
(236,	NULL,	NULL,	'2018-09-14 07:25:03',	'2018-09-14 07:25:03',	NULL,	236,	1),
(237,	NULL,	NULL,	'2018-09-14 07:25:03',	'2018-09-14 07:25:03',	NULL,	237,	1),
(238,	NULL,	NULL,	'2018-09-14 07:25:03',	'2018-09-14 07:25:03',	NULL,	238,	2),
(239,	NULL,	NULL,	'2018-09-14 07:25:03',	'2018-09-14 07:25:03',	NULL,	239,	1),
(240,	NULL,	NULL,	'2018-09-14 07:25:03',	'2018-09-14 07:25:03',	NULL,	240,	2),
(241,	NULL,	NULL,	'2018-09-14 07:25:03',	'2018-09-14 07:25:03',	NULL,	241,	1),
(242,	NULL,	NULL,	'2018-09-14 07:25:03',	'2018-09-14 07:25:03',	NULL,	242,	3),
(243,	NULL,	NULL,	'2018-09-14 07:25:03',	'2018-09-14 07:25:03',	NULL,	243,	1),
(244,	NULL,	NULL,	'2018-09-14 07:25:03',	'2018-09-14 07:25:03',	NULL,	244,	1),
(245,	NULL,	NULL,	'2018-09-14 07:25:03',	'2018-09-14 07:25:03',	NULL,	245,	3),
(246,	NULL,	NULL,	'2018-09-14 07:25:03',	'2018-09-14 07:25:03',	NULL,	246,	4),
(247,	NULL,	NULL,	'2018-09-14 07:25:03',	'2018-09-14 07:25:03',	NULL,	247,	3),
(248,	NULL,	NULL,	'2018-09-14 07:25:03',	'2018-09-14 07:25:03',	NULL,	248,	5),
(249,	NULL,	NULL,	'2018-09-14 07:25:03',	'2018-09-14 07:25:03',	NULL,	249,	2),
(250,	NULL,	NULL,	'2018-09-14 07:25:03',	'2018-09-14 07:25:03',	NULL,	251,	4),
(251,	NULL,	NULL,	'2018-09-14 07:25:03',	'2018-09-14 07:25:03',	NULL,	251,	5),
(252,	NULL,	NULL,	'2018-09-14 07:25:03',	'2018-09-14 07:25:03',	NULL,	252,	3),
(253,	NULL,	NULL,	'2018-09-14 07:25:03',	'2018-09-14 07:25:03',	NULL,	253,	4),
(254,	NULL,	NULL,	'2018-09-14 07:25:30',	'2018-09-14 07:25:30',	NULL,	254,	1),
(255,	NULL,	NULL,	'2018-09-14 07:25:30',	'2018-09-14 07:25:30',	NULL,	255,	1),
(256,	NULL,	NULL,	'2018-09-14 07:25:30',	'2018-09-14 07:25:30',	NULL,	256,	1),
(257,	NULL,	NULL,	'2018-09-14 07:25:30',	'2018-09-14 07:25:30',	NULL,	257,	1),
(258,	NULL,	NULL,	'2018-09-14 07:25:30',	'2018-09-14 07:25:30',	NULL,	258,	2),
(259,	NULL,	NULL,	'2018-09-14 07:25:30',	'2018-09-14 07:25:30',	NULL,	259,	1),
(260,	NULL,	NULL,	'2018-09-14 07:25:30',	'2018-09-14 07:25:30',	NULL,	260,	2),
(261,	NULL,	NULL,	'2018-09-14 07:25:30',	'2018-09-14 07:25:30',	NULL,	261,	1),
(262,	NULL,	NULL,	'2018-09-14 07:25:30',	'2018-09-14 07:25:30',	NULL,	262,	3),
(263,	NULL,	NULL,	'2018-09-14 07:25:30',	'2018-09-14 07:25:30',	NULL,	263,	1),
(264,	NULL,	NULL,	'2018-09-14 07:25:30',	'2018-09-14 07:25:30',	NULL,	264,	1),
(265,	NULL,	NULL,	'2018-09-14 07:25:30',	'2018-09-14 07:25:30',	NULL,	265,	3),
(266,	NULL,	NULL,	'2018-09-14 07:25:30',	'2018-09-14 07:25:30',	NULL,	266,	4),
(267,	NULL,	NULL,	'2018-09-14 07:25:30',	'2018-09-14 07:25:30',	NULL,	267,	3),
(268,	NULL,	NULL,	'2018-09-14 07:25:30',	'2018-09-14 07:25:30',	NULL,	268,	5),
(269,	NULL,	NULL,	'2018-09-14 07:25:30',	'2018-09-14 07:25:30',	NULL,	269,	2),
(270,	NULL,	NULL,	'2018-09-14 07:25:30',	'2018-09-14 07:25:30',	NULL,	271,	4),
(271,	NULL,	NULL,	'2018-09-14 07:25:30',	'2018-09-14 07:25:30',	NULL,	271,	5),
(272,	NULL,	NULL,	'2018-09-14 07:25:30',	'2018-09-14 07:25:30',	NULL,	272,	3),
(273,	NULL,	NULL,	'2018-09-14 07:25:30',	'2018-09-14 07:25:30',	NULL,	273,	4),
(274,	NULL,	NULL,	'2018-09-14 07:36:50',	'2018-09-14 07:36:50',	NULL,	274,	1),
(275,	NULL,	NULL,	'2018-09-14 07:36:50',	'2018-09-14 07:36:50',	NULL,	275,	1),
(276,	NULL,	NULL,	'2018-09-14 07:36:50',	'2018-09-14 07:36:50',	NULL,	276,	1),
(277,	NULL,	NULL,	'2018-09-14 07:36:50',	'2018-09-14 07:36:50',	NULL,	277,	1),
(278,	NULL,	NULL,	'2018-09-14 07:36:50',	'2018-09-14 07:36:50',	NULL,	278,	2),
(279,	NULL,	NULL,	'2018-09-14 07:36:50',	'2018-09-14 07:36:50',	NULL,	279,	1),
(280,	NULL,	NULL,	'2018-09-14 07:36:50',	'2018-09-14 07:36:50',	NULL,	280,	2),
(281,	NULL,	NULL,	'2018-09-14 07:36:50',	'2018-09-14 07:36:50',	NULL,	281,	1),
(282,	NULL,	NULL,	'2018-09-14 07:36:50',	'2018-09-14 07:36:50',	NULL,	282,	3),
(283,	NULL,	NULL,	'2018-09-14 07:36:50',	'2018-09-14 07:36:50',	NULL,	283,	1),
(284,	NULL,	NULL,	'2018-09-14 07:36:50',	'2018-09-14 07:36:50',	NULL,	284,	1),
(285,	NULL,	NULL,	'2018-09-14 07:36:50',	'2018-09-14 07:36:50',	NULL,	285,	3),
(286,	NULL,	NULL,	'2018-09-14 07:36:50',	'2018-09-14 07:36:50',	NULL,	286,	4),
(287,	NULL,	NULL,	'2018-09-14 07:36:50',	'2018-09-14 07:36:50',	NULL,	287,	3),
(288,	NULL,	NULL,	'2018-09-14 07:36:50',	'2018-09-14 07:36:50',	NULL,	288,	5),
(289,	NULL,	NULL,	'2018-09-14 07:36:50',	'2018-09-14 07:36:50',	NULL,	289,	2),
(290,	NULL,	NULL,	'2018-09-14 07:36:50',	'2018-09-14 07:36:50',	NULL,	291,	4),
(291,	NULL,	NULL,	'2018-09-14 07:36:50',	'2018-09-14 07:36:50',	NULL,	291,	5),
(292,	NULL,	NULL,	'2018-09-14 07:36:50',	'2018-09-14 07:36:50',	NULL,	292,	3),
(293,	NULL,	NULL,	'2018-09-14 07:36:50',	'2018-09-14 07:36:50',	NULL,	293,	4),
(294,	NULL,	NULL,	'2018-09-16 22:24:25',	'2018-09-16 22:24:25',	NULL,	294,	1),
(295,	NULL,	NULL,	'2018-09-16 22:24:25',	'2018-09-16 22:24:25',	NULL,	295,	1),
(296,	NULL,	NULL,	'2018-09-16 22:24:25',	'2018-09-16 22:24:25',	NULL,	296,	1),
(297,	NULL,	NULL,	'2018-09-16 22:24:25',	'2018-09-16 22:24:25',	NULL,	297,	1),
(298,	NULL,	NULL,	'2018-09-16 22:24:25',	'2018-09-16 22:24:25',	NULL,	298,	2),
(299,	NULL,	NULL,	'2018-09-16 22:24:25',	'2018-09-16 22:24:25',	NULL,	299,	1),
(300,	NULL,	NULL,	'2018-09-16 22:24:25',	'2018-09-16 22:24:25',	NULL,	300,	2),
(301,	NULL,	NULL,	'2018-09-16 22:24:25',	'2018-09-16 22:24:25',	NULL,	301,	1),
(302,	NULL,	NULL,	'2018-09-16 22:24:25',	'2018-09-16 22:24:25',	NULL,	302,	3),
(303,	NULL,	NULL,	'2018-09-16 22:24:25',	'2018-09-16 22:24:25',	NULL,	303,	1),
(304,	NULL,	NULL,	'2018-09-16 22:24:25',	'2018-09-16 22:24:25',	NULL,	304,	1),
(305,	NULL,	NULL,	'2018-09-16 22:24:25',	'2018-09-16 22:24:25',	NULL,	305,	3),
(306,	NULL,	NULL,	'2018-09-16 22:24:25',	'2018-09-16 22:24:25',	NULL,	306,	4),
(307,	NULL,	NULL,	'2018-09-16 22:24:25',	'2018-09-16 22:24:25',	NULL,	307,	3),
(308,	NULL,	NULL,	'2018-09-16 22:24:25',	'2018-09-16 22:24:25',	NULL,	308,	5),
(309,	NULL,	NULL,	'2018-09-16 22:24:25',	'2018-09-16 22:24:25',	NULL,	309,	2),
(310,	NULL,	NULL,	'2018-09-16 22:24:25',	'2018-09-16 22:24:25',	NULL,	311,	4),
(311,	NULL,	NULL,	'2018-09-16 22:24:25',	'2018-09-16 22:24:25',	NULL,	311,	5),
(312,	NULL,	NULL,	'2018-09-16 22:24:25',	'2018-09-16 22:24:25',	NULL,	312,	3),
(313,	NULL,	NULL,	'2018-09-16 22:24:25',	'2018-09-16 22:24:25',	NULL,	313,	4),
(314,	NULL,	NULL,	'2018-09-16 22:24:38',	'2018-09-16 22:24:38',	NULL,	314,	1),
(315,	NULL,	NULL,	'2018-09-16 22:24:38',	'2018-09-16 22:24:38',	NULL,	315,	1),
(316,	NULL,	NULL,	'2018-09-16 22:24:38',	'2018-09-16 22:24:38',	NULL,	316,	1),
(317,	NULL,	NULL,	'2018-09-16 22:24:38',	'2018-09-16 22:24:38',	NULL,	317,	1),
(318,	NULL,	NULL,	'2018-09-16 22:24:38',	'2018-09-16 22:24:38',	NULL,	318,	2),
(319,	NULL,	NULL,	'2018-09-16 22:24:38',	'2018-09-16 22:24:38',	NULL,	319,	1),
(320,	NULL,	NULL,	'2018-09-16 22:24:38',	'2018-09-16 22:24:38',	NULL,	320,	2),
(321,	NULL,	NULL,	'2018-09-16 22:24:38',	'2018-09-16 22:24:38',	NULL,	321,	1),
(322,	NULL,	NULL,	'2018-09-16 22:24:38',	'2018-09-16 22:24:38',	NULL,	322,	3),
(323,	NULL,	NULL,	'2018-09-16 22:24:38',	'2018-09-16 22:24:38',	NULL,	323,	1),
(324,	NULL,	NULL,	'2018-09-16 22:24:38',	'2018-09-16 22:24:38',	NULL,	324,	1),
(325,	NULL,	NULL,	'2018-09-16 22:24:38',	'2018-09-16 22:24:38',	NULL,	325,	3),
(326,	NULL,	NULL,	'2018-09-16 22:24:38',	'2018-09-16 22:24:38',	NULL,	326,	4),
(327,	NULL,	NULL,	'2018-09-16 22:24:38',	'2018-09-16 22:24:38',	NULL,	327,	3),
(328,	NULL,	NULL,	'2018-09-16 22:24:38',	'2018-09-16 22:24:38',	NULL,	328,	5),
(329,	NULL,	NULL,	'2018-09-16 22:24:38',	'2018-09-16 22:24:38',	NULL,	329,	2),
(330,	NULL,	NULL,	'2018-09-16 22:24:38',	'2018-09-16 22:24:38',	NULL,	331,	4),
(331,	NULL,	NULL,	'2018-09-16 22:24:38',	'2018-09-16 22:24:38',	NULL,	331,	5),
(332,	NULL,	NULL,	'2018-09-16 22:24:38',	'2018-09-16 22:24:38',	NULL,	332,	3),
(333,	NULL,	NULL,	'2018-09-16 22:24:38',	'2018-09-16 22:24:38',	NULL,	333,	4),
(334,	NULL,	NULL,	'2018-09-16 22:25:13',	'2018-09-16 22:25:13',	NULL,	334,	1),
(335,	NULL,	NULL,	'2018-09-16 22:25:13',	'2018-09-16 22:25:13',	NULL,	335,	1),
(336,	NULL,	NULL,	'2018-09-16 22:25:13',	'2018-09-16 22:25:13',	NULL,	336,	1),
(337,	NULL,	NULL,	'2018-09-16 22:25:13',	'2018-09-16 22:25:13',	NULL,	337,	1),
(338,	NULL,	NULL,	'2018-09-16 22:25:13',	'2018-09-16 22:25:13',	NULL,	338,	2),
(339,	NULL,	NULL,	'2018-09-16 22:25:13',	'2018-09-16 22:25:13',	NULL,	339,	1),
(340,	NULL,	NULL,	'2018-09-16 22:25:13',	'2018-09-16 22:25:13',	NULL,	340,	2),
(341,	NULL,	NULL,	'2018-09-16 22:25:13',	'2018-09-16 22:25:13',	NULL,	341,	1),
(342,	NULL,	NULL,	'2018-09-16 22:25:13',	'2018-09-16 22:25:13',	NULL,	342,	3),
(343,	NULL,	NULL,	'2018-09-16 22:25:13',	'2018-09-16 22:25:13',	NULL,	343,	1),
(344,	NULL,	NULL,	'2018-09-16 22:25:13',	'2018-09-16 22:25:13',	NULL,	344,	1),
(345,	NULL,	NULL,	'2018-09-16 22:25:13',	'2018-09-16 22:25:13',	NULL,	345,	3),
(346,	NULL,	NULL,	'2018-09-16 22:25:13',	'2018-09-16 22:25:13',	NULL,	346,	4),
(347,	NULL,	NULL,	'2018-09-16 22:25:13',	'2018-09-16 22:25:13',	NULL,	347,	3),
(348,	NULL,	NULL,	'2018-09-16 22:25:13',	'2018-09-16 22:25:13',	NULL,	348,	5),
(349,	NULL,	NULL,	'2018-09-16 22:25:13',	'2018-09-16 22:25:13',	NULL,	349,	2),
(350,	NULL,	NULL,	'2018-09-16 22:25:13',	'2018-09-16 22:25:13',	NULL,	351,	4),
(351,	NULL,	NULL,	'2018-09-16 22:25:13',	'2018-09-16 22:25:13',	NULL,	351,	5),
(352,	NULL,	NULL,	'2018-09-16 22:25:13',	'2018-09-16 22:25:13',	NULL,	352,	3),
(353,	NULL,	NULL,	'2018-09-16 22:25:13',	'2018-09-16 22:25:13',	NULL,	353,	4),
(354,	NULL,	NULL,	'2018-09-16 22:53:52',	'2018-09-16 22:53:52',	NULL,	354,	1),
(355,	NULL,	NULL,	'2018-09-16 22:53:52',	'2018-09-16 22:53:52',	NULL,	355,	1),
(356,	NULL,	NULL,	'2018-09-16 22:53:52',	'2018-09-16 22:53:52',	NULL,	356,	1),
(357,	NULL,	NULL,	'2018-09-16 22:53:52',	'2018-09-16 22:53:52',	NULL,	357,	1),
(358,	NULL,	NULL,	'2018-09-16 22:53:52',	'2018-09-16 22:53:52',	NULL,	358,	2),
(359,	NULL,	NULL,	'2018-09-16 22:53:52',	'2018-09-16 22:53:52',	NULL,	359,	1),
(360,	NULL,	NULL,	'2018-09-16 22:53:52',	'2018-09-16 22:53:52',	NULL,	360,	2),
(361,	NULL,	NULL,	'2018-09-16 22:53:52',	'2018-09-16 22:53:52',	NULL,	361,	1),
(362,	NULL,	NULL,	'2018-09-16 22:53:52',	'2018-09-16 22:53:52',	NULL,	362,	3),
(363,	NULL,	NULL,	'2018-09-16 22:53:52',	'2018-09-16 22:53:52',	NULL,	363,	1),
(364,	NULL,	NULL,	'2018-09-16 22:53:52',	'2018-09-16 22:53:52',	NULL,	364,	1),
(365,	NULL,	NULL,	'2018-09-16 22:53:52',	'2018-09-16 22:53:52',	NULL,	365,	3),
(366,	NULL,	NULL,	'2018-09-16 22:53:52',	'2018-09-16 22:53:52',	NULL,	366,	4),
(367,	NULL,	NULL,	'2018-09-16 22:53:52',	'2018-09-16 22:53:52',	NULL,	367,	3),
(368,	NULL,	NULL,	'2018-09-16 22:53:52',	'2018-09-16 22:53:52',	NULL,	368,	5),
(369,	NULL,	NULL,	'2018-09-16 22:53:52',	'2018-09-16 22:53:52',	NULL,	369,	2),
(370,	NULL,	NULL,	'2018-09-16 22:53:52',	'2018-09-16 22:53:52',	NULL,	371,	4),
(371,	NULL,	NULL,	'2018-09-16 22:53:52',	'2018-09-16 22:53:52',	NULL,	371,	5),
(372,	NULL,	NULL,	'2018-09-16 22:53:52',	'2018-09-16 22:53:52',	NULL,	372,	3),
(373,	NULL,	NULL,	'2018-09-16 22:53:52',	'2018-09-16 22:53:52',	NULL,	373,	4);

DROP TABLE IF EXISTS `logs`;
CREATE TABLE `logs` (
  `id` int(10) unsigned NOT NULL AUTO_INCREMENT,
  `creator_id` int(10) unsigned DEFAULT NULL,
  `updater_id` int(10) unsigned DEFAULT NULL,
  `created_at` timestamp NULL DEFAULT NULL,
  `updated_at` timestamp NULL DEFAULT NULL,
  `deleted_at` timestamp NULL DEFAULT NULL,
  `user_id` int(11) NOT NULL COMMENT 'users table foreign key.',
  `institute_id` int(11) NOT NULL COMMENT 'institutes table foreign key.',
  `table_name` varchar(191) COLLATE utf8mb4_unicode_ci NOT NULL COMMENT 'table name.',
  `record_id` int(11) NOT NULL COMMENT 'tables foreign key.',
  `old_data` longtext COLLATE utf8mb4_unicode_ci NOT NULL COMMENT 'Old data before update.',
  `new_data` longtext COLLATE utf8mb4_unicode_ci NOT NULL COMMENT 'New data after update or after create.',
  `status` enum('create','update','delete') COLLATE utf8mb4_unicode_ci NOT NULL COMMENT 'Create, Update and Delete status',
  `ip_address` varbinary(16) DEFAULT NULL,
  PRIMARY KEY (`id`),
  KEY `logs_user_id_index` (`user_id`),
  KEY `logs_institute_id_index` (`institute_id`),
  KEY `logs_record_id_index` (`record_id`)
) ENGINE=InnoDB DEFAULT CHARSET=utf8mb4 COLLATE=utf8mb4_unicode_ci;


DROP TABLE IF EXISTS `lookups`;
CREATE TABLE `lookups` (
  `id` int(10) unsigned NOT NULL AUTO_INCREMENT,
  `creator_id` int(10) unsigned DEFAULT NULL,
  `updater_id` int(10) unsigned DEFAULT NULL,
  `created_at` timestamp NULL DEFAULT NULL,
  `updated_at` timestamp NULL DEFAULT NULL,
  `deleted_at` timestamp NULL DEFAULT NULL,
  `type_id` int(11) NOT NULL COMMENT 'types table foreign key.',
  `name` varchar(191) COLLATE utf8mb4_unicode_ci NOT NULL COMMENT 'Lookup name.',
  PRIMARY KEY (`id`)
) ENGINE=InnoDB DEFAULT CHARSET=utf8mb4 COLLATE=utf8mb4_unicode_ci;

INSERT INTO `lookups` (`id`, `creator_id`, `updater_id`, `created_at`, `updated_at`, `deleted_at`, `type_id`, `name`) VALUES
(1,	1,	1,	'2018-09-14 05:35:20',	'2018-09-14 05:35:20',	NULL,	1,	'Our Featured Courses'),
(2,	1,	1,	'2018-09-14 05:35:20',	'2018-09-14 05:35:20',	NULL,	1,	'Latest News & Updates'),
(3,	1,	1,	'2018-09-14 05:35:20',	'2018-09-14 05:35:20',	NULL,	1,	'Upcoming Events'),
(4,	1,	1,	'2018-09-14 05:35:20',	'2018-09-14 05:35:20',	NULL,	1,	'Annoucements'),
(5,	1,	1,	'2018-09-14 05:35:20',	'2018-09-14 05:35:20',	NULL,	1,	'Campus Life'),
(6,	1,	1,	'2018-09-14 05:35:20',	'2018-09-14 05:35:20',	NULL,	1,	'Nursery'),
(7,	1,	1,	'2018-09-14 05:35:20',	'2018-09-14 05:35:20',	NULL,	1,	'Campus Map'),
(8,	1,	1,	'2018-09-14 05:35:20',	'2018-09-14 05:35:20',	NULL,	1,	'Transportation'),
(9,	1,	1,	'2018-09-14 05:35:20',	'2018-09-14 05:35:20',	NULL,	1,	'Bank-ATM'),
(10,	1,	1,	'2018-09-14 05:35:20',	'2018-09-14 05:35:20',	NULL,	1,	'Post Office'),
(11,	1,	1,	'2018-09-14 05:35:20',	'2018-09-14 05:35:20',	NULL,	1,	'Shopping Center'),
(12,	1,	1,	'2018-09-14 05:35:20',	'2018-09-14 05:35:20',	NULL,	1,	'Wi-Fi Connectivity'),
(13,	1,	1,	'2018-09-14 05:35:20',	'2018-09-14 05:35:20',	NULL,	1,	'Open Air Theater');

DROP TABLE IF EXISTS `media`;
CREATE TABLE `media` (
  `id` int(10) unsigned NOT NULL AUTO_INCREMENT,
  `creator_id` int(10) unsigned NOT NULL,
  `updater_id` int(10) unsigned NOT NULL,
  `created_at` timestamp NULL DEFAULT NULL,
  `updated_at` timestamp NULL DEFAULT NULL,
  `deleted_at` datetime NOT NULL,
  `model_id` int(10) unsigned DEFAULT NULL COMMENT 'Model id',
  `model_type` varchar(191) COLLATE utf8mb4_unicode_ci DEFAULT NULL COMMENT 'Model Name',
  `media_name` varchar(191) COLLATE utf8mb4_unicode_ci NOT NULL COMMENT 'Media Name',
  `mime_type` varchar(191) COLLATE utf8mb4_unicode_ci DEFAULT NULL COMMENT 'Media Type',
  `path` longtext COLLATE utf8mb4_unicode_ci NOT NULL,
  `original_url` longtext COLLATE utf8mb4_unicode_ci NOT NULL,
  `thumbnail_url` longtext COLLATE utf8mb4_unicode_ci NOT NULL,
  `media_alt` longtext COLLATE utf8mb4_unicode_ci DEFAULT NULL,
  `media_title` longtext COLLATE utf8mb4_unicode_ci DEFAULT NULL,
  PRIMARY KEY (`id`),
  KEY `media_model_id_index` (`model_id`),
  KEY `media_model_type_index` (`model_type`)
) ENGINE=InnoDB DEFAULT CHARSET=utf8mb4 COLLATE=utf8mb4_unicode_ci;

INSERT INTO `media` (`id`, `creator_id`, `updater_id`, `created_at`, `updated_at`, `deleted_at`, `model_id`, `model_type`, `media_name`, `mime_type`, `path`, `original_url`, `thumbnail_url`, `media_alt`, `media_title`) VALUES
(1,	0,	0,	'2018-09-13 06:01:36',	'2018-09-13 06:01:36',	'0000-00-00 00:00:00',	NULL,	NULL,	'6t83LJnuNwoa7xyasCGMrx2yaJT3uVz7vqtlDyV0TYA7T0kkV8',	'image/jpeg',	'images/event/Cricket Match/8bwxPJIckHYuHLusUtoSJjjmp0478mcQPZgwsiiBxdVEAjIHmm.jpeg',	'images/event/Cricket Match/original-8bwxPJIckHYuHLusUtoSJjjmp0478mcQPZgwsiiBxdVEAjIHmm.jpeg',	'images/event/Cricket Match/tn-8bwxPJIckHYuHLusUtoSJjjmp0478mcQPZgwsiiBxdVEAjIHmm.jpeg',	NULL,	NULL),
(2,	0,	0,	'2018-09-13 23:22:07',	'2018-09-13 23:22:07',	'0000-00-00 00:00:00',	NULL,	NULL,	'P8ncKhuxYYqT67ddaSDyJ6ggbej8cf6Y9fBl9sqWWfsmdItX6W',	'image/png',	'images/industry-connect/Reliance/kakaEHWTRXgPSWCvByt48eR0IWKYOGm8UINt94y4C5eRATihhU.png',	'images/industry-connect/Reliance/original-kakaEHWTRXgPSWCvByt48eR0IWKYOGm8UINt94y4C5eRATihhU.png',	'images/industry-connect/Reliance/tn-kakaEHWTRXgPSWCvByt48eR0IWKYOGm8UINt94y4C5eRATihhU.png',	'Reliance',	NULL),
(3,	0,	0,	'2018-09-13 23:22:44',	'2018-09-13 23:22:44',	'0000-00-00 00:00:00',	NULL,	NULL,	'8LZuVQ1OuHLFuyXHarejZtMJKQnXGFo6x5x0e3BCcTn2049XMF',	'image/png',	'images/industry-connect/TATA/EAt4hbSdZXTAeVNdaDrywnULmqLoRHeFvA8H3wp9Qf1P55bWdm.png',	'images/industry-connect/TATA/original-EAt4hbSdZXTAeVNdaDrywnULmqLoRHeFvA8H3wp9Qf1P55bWdm.png',	'images/industry-connect/TATA/tn-EAt4hbSdZXTAeVNdaDrywnULmqLoRHeFvA8H3wp9Qf1P55bWdm.png',	'TATA',	NULL),
(4,	0,	0,	'2018-09-13 23:23:05',	'2018-09-13 23:23:05',	'0000-00-00 00:00:00',	NULL,	NULL,	'Y3201raO5DfcbaOAB30iUZb4S8aChp8NJlv8GPnPZFUl8hPvQZ',	'image/jpeg',	'images/industry-connect/Infosys/R1FmNUgkblwHaOALp8I395RqiF8VEMCRYGVVeLvCn6DO3mwlMy.jpeg',	'images/industry-connect/Infosys/original-R1FmNUgkblwHaOALp8I395RqiF8VEMCRYGVVeLvCn6DO3mwlMy.jpeg',	'images/industry-connect/Infosys/tn-R1FmNUgkblwHaOALp8I395RqiF8VEMCRYGVVeLvCn6DO3mwlMy.jpeg',	'Infosys',	NULL),
(5,	0,	0,	'2018-09-13 23:23:27',	'2018-09-13 23:23:27',	'0000-00-00 00:00:00',	NULL,	NULL,	'Cqio2OE3sra7HHizRG4ARvDmn5WNK4s84Q61d6557YcMyePhS0',	'image/jpeg',	'images/industry-connect/TATA Motors/kpMtgvXeSiucwB5Ih6WuGmGFXbjDCFtSNHro4D74MIQ5nJc7yN.jpeg',	'images/industry-connect/TATA Motors/original-kpMtgvXeSiucwB5Ih6WuGmGFXbjDCFtSNHro4D74MIQ5nJc7yN.jpeg',	'images/industry-connect/TATA Motors/tn-kpMtgvXeSiucwB5Ih6WuGmGFXbjDCFtSNHro4D74MIQ5nJc7yN.jpeg',	'TATA Motors',	NULL),
(6,	0,	0,	'2018-09-13 23:23:49',	'2018-09-13 23:23:49',	'0000-00-00 00:00:00',	NULL,	NULL,	'H1wf5SyM7IaH4DE1svsKgp0DfIDpKX2303d0Z80ozAHIU5Kp9h',	'image/jpeg',	'images/industry-connect/IBM/bgxNvkgOWFOoNgDKKwpppMRoKXKtInh6UmXLGjPxq4GsdrBjfV.jpeg',	'images/industry-connect/IBM/original-bgxNvkgOWFOoNgDKKwpppMRoKXKtInh6UmXLGjPxq4GsdrBjfV.jpeg',	'images/industry-connect/IBM/tn-bgxNvkgOWFOoNgDKKwpppMRoKXKtInh6UmXLGjPxq4GsdrBjfV.jpeg',	'IBM',	NULL),
(7,	0,	0,	'2018-09-13 23:24:40',	'2018-09-13 23:24:40',	'0000-00-00 00:00:00',	NULL,	NULL,	'oAWIG4WOWbmZ5tTk9OCGwTxFPlVOencLYTGS9aBMQrjY6S1Fq5',	'image/jpeg',	'images/industry-connect/CallaBera/pmgzexXIwfwdzoiOB9VzqU52Ul7D3YbU8IRWHKfc5bInr4m4g0.jpeg',	'images/industry-connect/CallaBera/original-pmgzexXIwfwdzoiOB9VzqU52Ul7D3YbU8IRWHKfc5bInr4m4g0.jpeg',	'images/industry-connect/CallaBera/tn-pmgzexXIwfwdzoiOB9VzqU52Ul7D3YbU8IRWHKfc5bInr4m4g0.jpeg',	'CallaBera',	NULL),
(8,	0,	0,	'2018-09-17 00:49:21',	'2018-09-17 00:49:21',	'0000-00-00 00:00:00',	NULL,	NULL,	'VZO5NWHZUTKpadihSTMPHJTA3Vcklt0t76KOZ2ImtvYWSGS1va',	'image/jpeg',	'images/event/GNU Technical Festival/MjnLqitcOqDQMuLyAevaUIvQADSkbfKvfbBkyqgX082JuocGdO.jpeg',	'images/event/GNU Technical Festival/original-MjnLqitcOqDQMuLyAevaUIvQADSkbfKvfbBkyqgX082JuocGdO.jpeg',	'images/event/GNU Technical Festival/tn-MjnLqitcOqDQMuLyAevaUIvQADSkbfKvfbBkyqgX082JuocGdO.jpeg',	NULL,	NULL),
(9,	0,	0,	'2018-09-17 00:49:56',	'2018-09-17 00:49:56',	'0000-00-00 00:00:00',	NULL,	NULL,	'R4UO4aACNwvL1TS0vOJLhopaC59tASFL0tMubRFcG6WXFLj1fD',	'image/jpeg',	'images/event/GNU Technical Festival/mbUGjeI3L4N5MZR3KrsnjKcT2f069vwfUcWliQfpyObM6E0bU7.jpeg',	'images/event/GNU Technical Festival/original-mbUGjeI3L4N5MZR3KrsnjKcT2f069vwfUcWliQfpyObM6E0bU7.jpeg',	'images/event/GNU Technical Festival/tn-mbUGjeI3L4N5MZR3KrsnjKcT2f069vwfUcWliQfpyObM6E0bU7.jpeg',	NULL,	NULL),
(10,	0,	0,	'2018-09-17 00:52:42',	'2018-09-17 00:52:42',	'0000-00-00 00:00:00',	NULL,	NULL,	'1521179856_gnu2',	'image/jpeg',	'images/event/SAUFEST- 11th South Asian Universities Festival/ex4LEk3H4l9WFGkTfnUtQnj5VXQLUewcgMP7rckIS14eYc50dw.jpeg',	'images/event/SAUFEST- 11th South Asian Universities Festival/original-ex4LEk3H4l9WFGkTfnUtQnj5VXQLUewcgMP7rckIS14eYc50dw.jpeg',	'images/event/SAUFEST- 11th South Asian Universities Festival/tn-ex4LEk3H4l9WFGkTfnUtQnj5VXQLUewcgMP7rckIS14eYc50dw.jpeg',	'Event',	NULL),
(11,	0,	0,	'2018-09-17 00:53:30',	'2018-09-17 00:53:30',	'0000-00-00 00:00:00',	NULL,	NULL,	'1521179856_gnu2',	'image/jpeg',	'images/event/SAUFEST- 11th South Asian Universities Festival  8:00 AM - 5:00 PM  Mehsana, Gujarat/J1hyILQrFmELVjOs1GUglfXpTQUV1Z5alBqJ7D1r4DkXeJejDW.jpeg',	'images/event/SAUFEST- 11th South Asian Universities Festival  8:00 AM - 5:00 PM  Mehsana, Gujarat/original-J1hyILQrFmELVjOs1GUglfXpTQUV1Z5alBqJ7D1r4DkXeJejDW.jpeg',	'images/event/SAUFEST- 11th South Asian Universities Festival  8:00 AM - 5:00 PM  Mehsana, Gujarat/tn-J1hyILQrFmELVjOs1GUglfXpTQUV1Z5alBqJ7D1r4DkXeJejDW.jpeg',	'Event',	NULL),
(12,	0,	0,	'2018-09-17 00:58:22',	'2018-09-17 00:58:22',	'0000-00-00 00:00:00',	NULL,	NULL,	'map',	'image/jpeg',	'images/campus-life/How to Reach/cvgxv9vxiYjGF0vUY0FSZM1Ult5PIhNkjQWKrJ1Fs9eR6ESbRJ.jpeg',	'images/campus-life/How to Reach/original-cvgxv9vxiYjGF0vUY0FSZM1Ult5PIhNkjQWKrJ1Fs9eR6ESbRJ.jpeg',	'images/campus-life/How to Reach/tn-cvgxv9vxiYjGF0vUY0FSZM1Ult5PIhNkjQWKrJ1Fs9eR6ESbRJ.jpeg',	'Campus',	NULL),
(13,	0,	0,	'2018-09-17 03:11:37',	'2018-09-17 03:11:37',	'0000-00-00 00:00:00',	NULL,	NULL,	'ctaLNPgeAdPrdhMCGrNZ70ralmVOVyDXZN0cjar3yBPCm50ESu',	'image/jpeg',	'images/event/GNU Technical Festival/KdX4Yh0H788wX1asFMvqmcQWqUnAqJ3LMS7fKG8fULLQpWFNLa.jpeg',	'images/event/GNU Technical Festival/original-KdX4Yh0H788wX1asFMvqmcQWqUnAqJ3LMS7fKG8fULLQpWFNLa.jpeg',	'images/event/GNU Technical Festival/tn-KdX4Yh0H788wX1asFMvqmcQWqUnAqJ3LMS7fKG8fULLQpWFNLa.jpeg',	'Event',	NULL),
(14,	0,	0,	'2018-09-17 04:03:52',	'2018-09-17 04:03:52',	'0000-00-00 00:00:00',	NULL,	NULL,	'map',	'image/jpeg',	'images/campus-life/How to Reach/Qf1KdnkYaFgTd2sL9eArhlN9U96E2JgUaceIAvaSVbmyCEIIDd.jpeg',	'images/campus-life/How to Reach/original-Qf1KdnkYaFgTd2sL9eArhlN9U96E2JgUaceIAvaSVbmyCEIIDd.jpeg',	'images/campus-life/How to Reach/tn-Qf1KdnkYaFgTd2sL9eArhlN9U96E2JgUaceIAvaSVbmyCEIIDd.jpeg',	'Campus',	NULL),
(15,	0,	0,	'2018-09-17 04:43:25',	'2018-09-17 04:43:25',	'0000-00-00 00:00:00',	NULL,	NULL,	'P8ncKhuxYYqT67ddaSDyJ6ggbej8cf6Y9fBl9sqWWfsmdItX6W',	'image/png',	'images/industry-connect/Reliance/RCWE49tVaYnzHSfcPELaudkymTm0Gidh03PE2OfLgELR151GAp.png',	'images/industry-connect/Reliance/original-RCWE49tVaYnzHSfcPELaudkymTm0Gidh03PE2OfLgELR151GAp.png',	'images/industry-connect/Reliance/tn-RCWE49tVaYnzHSfcPELaudkymTm0Gidh03PE2OfLgELR151GAp.png',	'Reliance',	NULL),
(16,	0,	0,	'2018-09-17 04:44:09',	'2018-09-17 04:44:09',	'0000-00-00 00:00:00',	NULL,	NULL,	'8LZuVQ1OuHLFuyXHarejZtMJKQnXGFo6x5x0e3BCcTn2049XMF',	'image/png',	'images/industry-connect/TATA/trPVrf8Ty6BwVsAWfPSIpmqnxbsvd6idt5yM8HT2q3HmngTRYG.png',	'images/industry-connect/TATA/original-trPVrf8Ty6BwVsAWfPSIpmqnxbsvd6idt5yM8HT2q3HmngTRYG.png',	'images/industry-connect/TATA/tn-trPVrf8Ty6BwVsAWfPSIpmqnxbsvd6idt5yM8HT2q3HmngTRYG.png',	'TATA',	NULL),
(17,	0,	0,	'2018-09-17 04:44:40',	'2018-09-17 04:44:40',	'0000-00-00 00:00:00',	NULL,	NULL,	'Y3201raO5DfcbaOAB30iUZb4S8aChp8NJlv8GPnPZFUl8hPvQZ',	'image/jpeg',	'images/industry-connect/Infosys/kWE3S6hLg7VPBx74soiQWRcAxaiwUErIw7pZ7KXvBEDrvB5A9e.jpeg',	'images/industry-connect/Infosys/original-kWE3S6hLg7VPBx74soiQWRcAxaiwUErIw7pZ7KXvBEDrvB5A9e.jpeg',	'images/industry-connect/Infosys/tn-kWE3S6hLg7VPBx74soiQWRcAxaiwUErIw7pZ7KXvBEDrvB5A9e.jpeg',	'Infosys',	NULL),
(18,	0,	0,	'2018-09-17 04:45:07',	'2018-09-17 04:45:07',	'0000-00-00 00:00:00',	NULL,	NULL,	'Cqio2OE3sra7HHizRG4ARvDmn5WNK4s84Q61d6557YcMyePhS0',	'image/jpeg',	'images/industry-connect/TATA Motors/qdb5xN6V4S79Ckn5tT5WlQjPK8jrI3NLcVzaikmAapsNUDYCu7.jpeg',	'images/industry-connect/TATA Motors/original-qdb5xN6V4S79Ckn5tT5WlQjPK8jrI3NLcVzaikmAapsNUDYCu7.jpeg',	'images/industry-connect/TATA Motors/tn-qdb5xN6V4S79Ckn5tT5WlQjPK8jrI3NLcVzaikmAapsNUDYCu7.jpeg',	'TATA Motors',	NULL),
(19,	0,	0,	'2018-09-17 04:45:43',	'2018-09-17 04:45:43',	'0000-00-00 00:00:00',	NULL,	NULL,	'H1wf5SyM7IaH4DE1svsKgp0DfIDpKX2303d0Z80ozAHIU5Kp9h',	'image/jpeg',	'images/industry-connect/IBM/iwcewxdiaYxlq10mNKAyUdiSYENIVGuhkKX8ZS1N4sTtylGTF9.jpeg',	'images/industry-connect/IBM/original-iwcewxdiaYxlq10mNKAyUdiSYENIVGuhkKX8ZS1N4sTtylGTF9.jpeg',	'images/industry-connect/IBM/tn-iwcewxdiaYxlq10mNKAyUdiSYENIVGuhkKX8ZS1N4sTtylGTF9.jpeg',	'IBM',	NULL),
(20,	0,	0,	'2018-09-17 04:46:25',	'2018-09-17 04:46:25',	'0000-00-00 00:00:00',	NULL,	NULL,	'H1wf5SyM7IaH4DE1svsKgp0DfIDpKX2303d0Z80ozAHIU5Kp9h',	'image/jpeg',	'images/industry-connect/CallaBera/wVYXU4xuMpBhDJ0DKa6xDHK2l3ZZVSAodIbLrI9O7d3nd0Wl9w.jpeg',	'images/industry-connect/CallaBera/original-wVYXU4xuMpBhDJ0DKa6xDHK2l3ZZVSAodIbLrI9O7d3nd0Wl9w.jpeg',	'images/industry-connect/CallaBera/tn-wVYXU4xuMpBhDJ0DKa6xDHK2l3ZZVSAodIbLrI9O7d3nd0Wl9w.jpeg',	'CallaBera',	NULL);

DROP TABLE IF EXISTS `media_entities`;
CREATE TABLE `media_entities` (
  `id` int(10) unsigned NOT NULL AUTO_INCREMENT,
  `creator_id` int(10) unsigned DEFAULT NULL,
  `updater_id` int(10) unsigned DEFAULT NULL,
  `created_at` timestamp NULL DEFAULT NULL,
  `updated_at` timestamp NULL DEFAULT NULL,
  `entity_id` int(10) unsigned NOT NULL,
  `media_id` int(10) unsigned NOT NULL,
  `entity_type` varchar(191) COLLATE utf8mb4_unicode_ci NOT NULL,
  PRIMARY KEY (`id`),
  KEY `media_entities_entity_id_index` (`entity_id`),
  KEY `media_entities_media_id_index` (`media_id`)
) ENGINE=InnoDB DEFAULT CHARSET=utf8mb4 COLLATE=utf8mb4_unicode_ci;


DROP TABLE IF EXISTS `menus`;
CREATE TABLE `menus` (
  `id` int(10) unsigned NOT NULL AUTO_INCREMENT,
  `creator_id` int(10) unsigned DEFAULT NULL,
  `updater_id` int(10) unsigned DEFAULT NULL,
  `created_at` timestamp NULL DEFAULT NULL,
  `updated_at` timestamp NULL DEFAULT NULL,
  `menu_type` varchar(191) COLLATE utf8mb4_unicode_ci NOT NULL,
  `institute_id` int(11) NOT NULL COMMENT 'institutes table foreign key.',
  PRIMARY KEY (`id`),
  KEY `menus_institute_id_index` (`institute_id`)
) ENGINE=InnoDB DEFAULT CHARSET=utf8mb4 COLLATE=utf8mb4_unicode_ci;

INSERT INTO `menus` (`id`, `creator_id`, `updater_id`, `created_at`, `updated_at`, `menu_type`, `institute_id`) VALUES
(1,	NULL,	NULL,	NULL,	NULL,	'header',	1),
(2,	NULL,	NULL,	NULL,	NULL,	'footer',	1),
(3,	NULL,	NULL,	NULL,	NULL,	'extra menu',	1);

DROP TABLE IF EXISTS `menu_entities`;
CREATE TABLE `menu_entities` (
  `id` int(10) unsigned NOT NULL AUTO_INCREMENT,
  `creator_id` int(10) unsigned DEFAULT NULL,
  `updater_id` int(10) unsigned DEFAULT NULL,
  `created_at` timestamp NULL DEFAULT NULL,
  `updated_at` timestamp NULL DEFAULT NULL,
  `entity_id` int(10) unsigned NOT NULL,
  `entity_type` varchar(191) COLLATE utf8mb4_unicode_ci NOT NULL,
  `menu_id` int(10) unsigned NOT NULL,
  PRIMARY KEY (`id`)
) ENGINE=InnoDB DEFAULT CHARSET=utf8mb4 COLLATE=utf8mb4_unicode_ci;


DROP TABLE IF EXISTS `menu_headers`;
CREATE TABLE `menu_headers` (
  `id` int(10) unsigned NOT NULL AUTO_INCREMENT,
  `creator_id` int(10) unsigned DEFAULT NULL,
  `updater_id` int(10) unsigned DEFAULT NULL,
  `created_at` timestamp NULL DEFAULT NULL,
  `updated_at` timestamp NULL DEFAULT NULL,
  `name` varchar(191) COLLATE utf8mb4_unicode_ci NOT NULL,
  `is_parent` tinyint(1) NOT NULL DEFAULT 1,
  `position` int(11) NOT NULL DEFAULT 0,
  `target` enum('_blank','_self','_parent','_top') COLLATE utf8mb4_unicode_ci NOT NULL,
  `url` longtext COLLATE utf8mb4_unicode_ci DEFAULT NULL,
  `route` varchar(191) COLLATE utf8mb4_unicode_ci DEFAULT NULL,
  `menu_id` int(11) NOT NULL,
  PRIMARY KEY (`id`)
) ENGINE=InnoDB DEFAULT CHARSET=utf8mb4 COLLATE=utf8mb4_unicode_ci;

INSERT INTO `menu_headers` (`id`, `creator_id`, `updater_id`, `created_at`, `updated_at`, `name`, `is_parent`, `position`, `target`, `url`, `route`, `menu_id`) VALUES
(1,	NULL,	NULL,	'2017-11-17 07:26:50',	'2017-11-17 07:27:07',	'About',	1,	1,	'_blank',	'about/',	NULL,	1),
(8,	NULL,	NULL,	'2017-11-17 07:28:57',	'2017-11-17 07:28:57',	'Courses',	1,	1,	'_blank',	'admissions/qualification/graduation',	NULL,	1),
(9,	NULL,	NULL,	'2017-11-17 07:28:57',	'2017-11-17 07:28:57',	'Admission',	1,	1,	'_blank',	'admission/',	NULL,	1),
(10,	NULL,	NULL,	'2017-11-17 07:28:57',	'2017-11-17 07:28:57',	'Events',	1,	1,	'_blank',	'events',	NULL,	1),
(11,	NULL,	NULL,	'2017-11-17 07:28:57',	'2017-11-17 07:28:57',	'Campus Life',	1,	1,	'_blank',	'campus-life',	NULL,	1),
(12,	NULL,	NULL,	'2017-11-17 07:28:57',	'2017-11-17 07:28:57',	'Faculty',	1,	1,	'_blank',	'faculty/',	NULL,	1),
(13,	NULL,	NULL,	'2017-11-17 07:28:57',	'2017-11-17 07:28:57',	'Contact',	1,	1,	'_blank',	'contact-us/',	NULL,	1),
(14,	NULL,	NULL,	'2017-11-17 07:28:57',	'2017-11-17 07:28:57',	'Shortcuts',	1,	1,	'_parent',	'shortcuts',	NULL,	2),
(15,	NULL,	NULL,	'2017-11-17 07:28:57',	'2017-11-17 07:28:57',	'Quick Links',	1,	1,	'_parent',	NULL,	NULL,	3),
(16,	NULL,	NULL,	'2017-11-17 07:28:57',	'2017-11-17 07:28:57',	'SpotLight',	1,	1,	'_parent',	NULL,	NULL,	2);

DROP TABLE IF EXISTS `menu_items`;
CREATE TABLE `menu_items` (
  `id` int(10) unsigned NOT NULL AUTO_INCREMENT,
  `creator_id` int(10) unsigned DEFAULT NULL,
  `updater_id` int(10) unsigned DEFAULT NULL,
  `created_at` timestamp NULL DEFAULT NULL,
  `updated_at` timestamp NULL DEFAULT NULL,
  `menu_sub_header_id` int(10) unsigned NOT NULL,
  `name` varchar(191) COLLATE utf8mb4_unicode_ci NOT NULL,
  `is_parent` tinyint(1) NOT NULL DEFAULT 1,
  `position` int(11) NOT NULL DEFAULT 0,
  `target` enum('_blank','_self','_parent','_top') COLLATE utf8mb4_unicode_ci NOT NULL,
  `url` longtext COLLATE utf8mb4_unicode_ci DEFAULT NULL,
  `route` varchar(191) COLLATE utf8mb4_unicode_ci DEFAULT NULL,
  PRIMARY KEY (`id`),
  KEY `menu_items_menu_sub_header_id_index` (`menu_sub_header_id`)
) ENGINE=InnoDB DEFAULT CHARSET=utf8mb4 COLLATE=utf8mb4_unicode_ci;


DROP TABLE IF EXISTS `menu_sub_headers`;
CREATE TABLE `menu_sub_headers` (
  `id` int(10) unsigned NOT NULL AUTO_INCREMENT,
  `created_at` timestamp NULL DEFAULT NULL,
  `updated_at` timestamp NULL DEFAULT NULL,
  `menu_header_id` int(10) unsigned NOT NULL,
  `name` varchar(191) COLLATE utf8mb4_unicode_ci NOT NULL,
  `is_parent` tinyint(1) NOT NULL DEFAULT 1,
  `position` int(11) NOT NULL DEFAULT 0,
  `target` enum('_blank','_self','_parent','_top') COLLATE utf8mb4_unicode_ci NOT NULL,
  `url` longtext COLLATE utf8mb4_unicode_ci DEFAULT NULL,
  `route` varchar(191) COLLATE utf8mb4_unicode_ci DEFAULT NULL,
  PRIMARY KEY (`id`),
  KEY `menu_sub_headers_menu_header_id_index` (`menu_header_id`)
) ENGINE=InnoDB DEFAULT CHARSET=utf8mb4 COLLATE=utf8mb4_unicode_ci;

INSERT INTO `menu_sub_headers` (`id`, `created_at`, `updated_at`, `menu_header_id`, `name`, `is_parent`, `position`, `target`, `url`, `route`) VALUES
(10,	'2017-11-17 07:28:57',	'2017-11-17 07:28:57',	1,	'About',	1,	1,	'_blank',	'about/',	NULL),
(11,	'2017-11-17 07:28:57',	'2017-11-17 07:28:57',	14,	'Annoucements',	1,	1,	'_blank',	NULL,	NULL),
(12,	'2017-11-17 07:28:57',	'2017-11-17 07:28:57',	14,	'Admission',	1,	1,	'_blank',	NULL,	NULL),
(13,	'2017-11-17 07:28:57',	'2017-11-17 07:28:57',	14,	'Events',	1,	1,	'_blank',	NULL,	NULL),
(14,	'2017-11-17 07:28:57',	'2017-11-17 07:28:57',	14,	'Library',	1,	1,	'_blank',	NULL,	NULL),
(15,	'2017-11-17 07:28:57',	'2017-11-17 07:28:57',	14,	'Convergence',	1,	1,	'_blank',	NULL,	NULL),
(16,	'2017-11-17 07:28:57',	'2017-11-17 07:28:57',	15,	'Management',	1,	1,	'_blank',	NULL,	NULL),
(17,	'2017-11-17 07:28:57',	'2017-11-17 07:28:57',	15,	'Central Library',	1,	1,	'_blank',	NULL,	NULL),
(18,	'2017-11-17 07:28:57',	'2017-11-17 07:28:57',	15,	'Downloads',	1,	1,	'_blank',	NULL,	NULL),
(19,	'2017-11-17 07:28:57',	'2017-11-17 07:28:57',	15,	'Student Cell',	1,	1,	'_blank',	NULL,	NULL),
(20,	'2017-11-17 07:28:57',	'2017-11-17 07:28:57',	15,	'Convergence',	1,	1,	'_blank',	NULL,	NULL),
(21,	'2017-11-17 07:28:57',	'2017-11-17 07:28:57',	15,	'Seesions',	1,	1,	'_blank',	NULL,	NULL),
(22,	'2017-11-17 07:28:57',	'2017-11-17 07:28:57',	16,	'Career Guidance',	1,	1,	'_blank',	NULL,	NULL),
(23,	'2017-11-17 07:28:57',	'2017-11-17 07:28:57',	16,	'Online Documentation',	1,	1,	'_blank',	NULL,	NULL),
(24,	'2017-11-17 07:28:57',	'2017-11-17 07:28:57',	16,	'Student Corner',	1,	1,	'_blank',	NULL,	NULL),
(25,	'2017-11-17 07:28:57',	'2017-11-17 07:28:57',	16,	'Media Center',	1,	1,	'_blank',	NULL,	NULL),
(26,	'2017-11-17 07:28:57',	'2017-11-17 07:28:57',	16,	'Meetups',	1,	1,	'_blank',	NULL,	NULL),
(27,	'2017-11-17 07:28:57',	'2017-11-17 07:28:57',	9,	'After 10th',	1,	1,	'_blank',	NULL,	NULL),
(28,	'2017-11-17 07:28:57',	'2017-11-17 07:28:57',	9,	'After 12th',	1,	1,	'_blank',	NULL,	NULL),
(29,	'2017-11-17 07:28:57',	'2017-11-17 07:28:57',	9,	'After Graduation',	1,	1,	'_blank',	NULL,	NULL),
(30,	'2017-11-17 07:28:57',	'2017-11-17 07:28:57',	9,	'After Post Graduation',	1,	1,	'_blank',	NULL,	NULL),
(31,	'2017-11-17 07:28:57',	'2017-11-17 07:28:57',	9,	'Online Admissions',	1,	1,	'_blank',	NULL,	NULL),
(32,	'2017-11-17 07:28:57',	'2017-11-17 07:28:57',	9,	'Scholarship Informations',	1,	1,	'_blank',	NULL,	NULL),
(33,	'2017-11-17 07:28:57',	'2017-11-17 07:28:57',	9,	'Education Load Information',	1,	1,	'_blank',	NULL,	NULL),
(34,	'2017-11-17 07:28:57',	'2017-11-17 07:28:57',	9,	'Campus Facilities',	1,	1,	'_blank',	NULL,	NULL),
(35,	'2017-11-17 07:28:57',	'2017-11-17 07:28:57',	9,	'Admission Enquiry',	1,	1,	'_blank',	NULL,	NULL),
(36,	'2017-11-17 07:28:57',	'2017-11-17 07:28:57',	11,	'Campus Life',	1,	1,	'_blank',	'campus-life/',	NULL);

DROP TABLE IF EXISTS `migrations`;
CREATE TABLE `migrations` (
  `id` int(10) unsigned NOT NULL AUTO_INCREMENT,
  `migration` varchar(191) COLLATE utf8mb4_unicode_ci NOT NULL,
  `batch` int(11) NOT NULL,
  PRIMARY KEY (`id`)
) ENGINE=InnoDB DEFAULT CHARSET=utf8mb4 COLLATE=utf8mb4_unicode_ci;

INSERT INTO `migrations` (`id`, `migration`, `batch`) VALUES
(1,	'2014_10_12_000000_create_users_table',	1),
(2,	'2014_10_12_100000_create_password_resets_table',	1),
(3,	'2017_10_03_081403_create_institutes_table',	1),
(4,	'2017_10_03_082121_create_lookups_table',	1),
(5,	'2017_10_03_082251_create_types_table',	1),
(6,	'2017_10_03_082345_create_logs_table',	1),
(7,	'2017_10_03_083917_create_system_logs_table',	1),
(8,	'2017_10_03_092956_create_settings_table',	1),
(9,	'2017_10_31_063746_create_qualifications_table',	1),
(10,	'2017_10_31_064031_create_faculties_table',	1),
(11,	'2017_10_31_064223_create_streams_table',	1),
(12,	'2017_10_31_065512_create_templates_table',	1),
(13,	'2017_10_31_065635_create_modules_table',	1),
(14,	'2017_10_31_065739_create_pages_table',	1),
(15,	'2017_11_08_090750_create_menu_headers_table',	1),
(16,	'2017_11_08_091850_create_menu_sub_headers_table',	1),
(17,	'2017_11_08_092950_create_menu_items_table',	1),
(18,	'2017_11_10_131458_create_sliders_table',	1),
(19,	'2017_11_10_132100_create_slider_images_table',	1),
(20,	'2017_11_13_075623_create_menus_table',	1),
(21,	'2017_11_14_112228_add_menu_id_in_menu_headers_table',	1),
(22,	'2017_11_15_052801_create_media_table',	1),
(23,	'2017_11_22_103026_create_slider_entities_table',	1),
(24,	'2017_11_22_104157_create_menu_entities_table',	1),
(25,	'2017_11_22_104959_create_external_media_table',	1),
(26,	'2017_11_23_062145_create_qualification_maps_table',	1),
(27,	'2017_11_23_062725_create_degrees_table',	1),
(28,	'2017_11_23_114946_create_media_entities_table',	1),
(29,	'2017_11_23_133054_create_institute_mappings_table',	1),
(30,	'2017_11_23_133134_create_events_table',	1),
(31,	'2017_11_27_132017_create_admissions_table',	1),
(32,	'2017_11_28_082745_create_basic_pages_table',	1),
(33,	'2017_12_04_111956_create_courses_table',	1),
(34,	'2017_12_06_103946_create_industry_connects_table',	1),
(35,	'2017_12_06_111316_change_column_name_to_menu_type_in_menus_table',	1),
(36,	'2017_12_06_112144_add_column_institute_id_in_menus_table',	1),
(37,	'2017_12_16_051832_create_teaching_staff_table',	1),
(38,	'2017_12_18_062619_add_media_id_in_teching_staff_table',	1),
(39,	'2017_12_21_101726_create_exam_schedules_table',	1),
(40,	'2017_12_21_130220_create_semesters_table',	1),
(41,	'2018_01_02_101445_rename_date_column_in_events_table',	1),
(42,	'2018_01_04_052129_create_campus_lifes_table',	1),
(43,	'2018_01_17_072635_add_url_column_in_media_table',	1),
(44,	'2018_02_08_070241_create_event_medias_table',	1),
(45,	'2018_02_08_103328_add_unpublish_date_in_basic_pages',	1),
(46,	'2018_02_12_130721_drop_media_id_column_from_events_table',	1),
(47,	'2018_02_13_054618_add_media_alt_and_media_title_column_in_media_table',	1),
(48,	'2018_02_15_132410_add_total_participant_column_in_events_table',	1),
(49,	'2018_02_15_140250_rename_vanue_column_in_events_table',	1),
(50,	'2018_02_16_053607_create_campus_medias_table',	1),
(51,	'2018_02_16_065416_drop_media_id_column_from_campus_life_table',	1),
(52,	'2018_02_16_065803_add_slug_column_in_campush_lifes_table',	1),
(53,	'2018_02_16_090535_change_column_default_value_and_table_name',	1),
(54,	'2018_02_16_094244_rename_campus_medias_table_and_event_medias_table',	1),
(55,	'2018_02_16_110656_rename_institute_and_tuition_fees_column_in_course_table',	1),
(56,	'2018_03_10_071057_remove_media_id_from_basic_pages_table',	1),
(57,	'2018_03_10_071438_create_basic_page_media_table',	1),
(58,	'2018_03_10_092042_add_alias_column_in_faculties_table',	1);

DROP TABLE IF EXISTS `modules`;
CREATE TABLE `modules` (
  `id` int(10) unsigned NOT NULL AUTO_INCREMENT,
  `creator_id` int(10) unsigned DEFAULT NULL,
  `updater_id` int(10) unsigned DEFAULT NULL,
  `created_at` timestamp NULL DEFAULT NULL,
  `updated_at` timestamp NULL DEFAULT NULL,
  `deleted_at` timestamp NULL DEFAULT NULL,
  `name` varchar(191) COLLATE utf8mb4_unicode_ci NOT NULL COMMENT 'Module Name.',
  `priority` int(10) unsigned NOT NULL DEFAULT 0,
  PRIMARY KEY (`id`),
  UNIQUE KEY `modules_name_unique` (`name`)
) ENGINE=InnoDB DEFAULT CHARSET=utf8mb4 COLLATE=utf8mb4_unicode_ci;


DROP TABLE IF EXISTS `pages`;
CREATE TABLE `pages` (
  `id` int(10) unsigned NOT NULL AUTO_INCREMENT,
  `creator_id` int(10) unsigned DEFAULT NULL,
  `updater_id` int(10) unsigned DEFAULT NULL,
  `created_at` timestamp NULL DEFAULT NULL,
  `updated_at` timestamp NULL DEFAULT NULL,
  `deleted_at` timestamp NULL DEFAULT NULL,
  `institute_id` int(10) unsigned NOT NULL COMMENT 'institutes',
  `template_id` int(10) unsigned NOT NULL COMMENT 'templates',
  `module_id` int(10) unsigned NOT NULL COMMENT 'modules',
  `node_id` int(10) unsigned NOT NULL COMMENT 'course',
  `name` varchar(191) COLLATE utf8mb4_unicode_ci NOT NULL COMMENT 'Page Name.',
  PRIMARY KEY (`id`),
  KEY `pages_institute_id_index` (`institute_id`),
  KEY `pages_template_id_index` (`template_id`),
  KEY `pages_module_id_index` (`module_id`),
  KEY `pages_node_id_index` (`node_id`)
) ENGINE=InnoDB DEFAULT CHARSET=utf8mb4 COLLATE=utf8mb4_unicode_ci;


DROP TABLE IF EXISTS `password_resets`;
CREATE TABLE `password_resets` (
  `email` varchar(191) COLLATE utf8mb4_unicode_ci NOT NULL COMMENT 'User email to be store while password reset.',
  `token` varchar(191) COLLATE utf8mb4_unicode_ci NOT NULL COMMENT 'Unique random string token.',
  `created_at` timestamp NULL DEFAULT NULL COMMENT 'Datetime when record was created.',
  KEY `password_resets_email_index` (`email`)
) ENGINE=InnoDB DEFAULT CHARSET=utf8mb4 COLLATE=utf8mb4_unicode_ci COMMENT='List of Password request token and emails';


DROP TABLE IF EXISTS `qualifications`;
CREATE TABLE `qualifications` (
  `id` int(10) unsigned NOT NULL AUTO_INCREMENT,
  `creator_id` int(10) unsigned DEFAULT NULL,
  `updater_id` int(10) unsigned DEFAULT NULL,
  `created_at` timestamp NULL DEFAULT NULL,
  `updated_at` timestamp NULL DEFAULT NULL,
  `deleted_at` timestamp NULL DEFAULT NULL,
  `name` varchar(191) COLLATE utf8mb4_unicode_ci NOT NULL COMMENT 'Qualification name',
  `priority` int(10) unsigned NOT NULL DEFAULT 0,
  `slug` longtext COLLATE utf8mb4_unicode_ci NOT NULL,
  PRIMARY KEY (`id`),
  UNIQUE KEY `qualifications_name_unique` (`name`)
) ENGINE=InnoDB DEFAULT CHARSET=utf8mb4 COLLATE=utf8mb4_unicode_ci;

INSERT INTO `qualifications` (`id`, `creator_id`, `updater_id`, `created_at`, `updated_at`, `deleted_at`, `name`, `priority`, `slug`) VALUES
(1,	NULL,	NULL,	'2018-09-14 07:22:41',	'2018-09-14 07:22:41',	NULL,	'10th',	0,	'10th'),
(2,	NULL,	NULL,	'2018-09-14 07:22:41',	'2018-09-14 07:22:41',	NULL,	'12th',	0,	'12th'),
(3,	NULL,	NULL,	'2018-09-14 07:22:41',	'2018-09-14 07:22:41',	NULL,	'Diploma or Certificate',	0,	'diploma-or-certificate'),
(4,	NULL,	NULL,	'2018-09-14 07:22:41',	'2018-09-14 07:22:41',	NULL,	'Graduation',	0,	'graduation'),
(5,	NULL,	NULL,	'2018-09-14 07:22:41',	'2018-09-14 07:22:41',	NULL,	'Post Graduation',	0,	'post-graduation');

DROP TABLE IF EXISTS `qualification_maps`;
CREATE TABLE `qualification_maps` (
  `id` int(10) unsigned NOT NULL AUTO_INCREMENT,
  `creator_id` int(10) unsigned DEFAULT NULL,
  `updater_id` int(10) unsigned DEFAULT NULL,
  `created_at` timestamp NULL DEFAULT NULL,
  `updated_at` timestamp NULL DEFAULT NULL,
  `deleted_at` timestamp NULL DEFAULT NULL,
  `qualification_id` int(10) unsigned NOT NULL,
  `degree_id` int(10) unsigned NOT NULL,
  `faculty_id` int(10) unsigned NOT NULL,
  `stream_id` int(10) unsigned NOT NULL,
  PRIMARY KEY (`id`),
  KEY `qualification_maps_qualification_id_index` (`qualification_id`),
  KEY `qualification_maps_degree_id_index` (`degree_id`),
  KEY `qualification_maps_faculty_id_index` (`faculty_id`),
  KEY `qualification_maps_stream_id_index` (`stream_id`)
) ENGINE=InnoDB DEFAULT CHARSET=utf8mb4 COLLATE=utf8mb4_unicode_ci;

INSERT INTO `qualification_maps` (`id`, `creator_id`, `updater_id`, `created_at`, `updated_at`, `deleted_at`, `qualification_id`, `degree_id`, `faculty_id`, `stream_id`) VALUES
(14,	1,	1,	'2018-09-14 06:52:46',	'2018-09-14 06:52:46',	NULL,	1,	1,	1,	1),
(15,	1,	1,	'2018-09-14 06:52:46',	'2018-09-14 06:52:46',	NULL,	1,	1,	1,	2),
(16,	1,	1,	'2018-09-14 06:52:46',	'2018-09-14 06:52:46',	NULL,	1,	1,	1,	3),
(17,	1,	1,	'2018-09-14 06:52:46',	'2018-09-14 06:52:46',	NULL,	1,	1,	2,	4),
(18,	1,	1,	'2018-09-14 06:52:46',	'2018-09-14 06:52:46',	NULL,	2,	1,	1,	5),
(19,	1,	1,	'2018-09-14 06:52:46',	'2018-09-14 06:52:46',	NULL,	2,	1,	1,	1),
(20,	1,	1,	'2018-09-14 06:52:46',	'2018-09-14 06:52:46',	NULL,	2,	1,	3,	6),
(21,	1,	1,	'2018-09-14 06:52:46',	'2018-09-14 06:52:46',	NULL,	2,	1,	3,	7),
(22,	1,	1,	'2018-09-14 06:52:46',	'2018-09-14 06:52:46',	NULL,	3,	1,	1,	8),
(23,	1,	1,	'2018-09-14 06:52:46',	'2018-09-14 06:52:46',	NULL,	3,	1,	1,	5),
(24,	1,	1,	'2018-09-14 06:52:46',	'2018-09-14 06:52:46',	NULL,	3,	1,	2,	9),
(25,	1,	1,	'2018-09-14 06:52:46',	'2018-09-14 06:52:46',	NULL,	3,	1,	2,	10),
(26,	1,	1,	'2018-09-14 06:52:46',	'2018-09-14 06:52:46',	NULL,	4,	1,	1,	1),
(27,	1,	1,	'2018-09-14 06:52:46',	'2018-09-14 06:52:46',	NULL,	4,	1,	1,	8),
(28,	1,	1,	'2018-09-14 06:52:46',	'2018-09-14 06:52:46',	NULL,	4,	1,	1,	5),
(29,	1,	1,	'2018-09-14 06:52:46',	'2018-09-14 06:52:46',	NULL,	4,	1,	1,	11),
(30,	1,	1,	'2018-09-14 06:52:46',	'2018-09-14 06:52:46',	NULL,	5,	1,	1,	1),
(31,	1,	1,	'2018-09-14 06:52:46',	'2018-09-14 06:52:46',	NULL,	5,	1,	1,	1),
(32,	1,	1,	'2018-09-14 06:52:46',	'2018-09-14 06:52:46',	NULL,	5,	1,	3,	12),
(33,	1,	1,	'2018-09-14 06:52:46',	'2018-09-14 06:52:46',	NULL,	5,	1,	3,	13),
(34,	1,	1,	'2018-09-14 06:55:21',	'2018-09-14 06:55:21',	NULL,	1,	1,	1,	1),
(35,	1,	1,	'2018-09-14 06:55:21',	'2018-09-14 06:55:21',	NULL,	1,	1,	1,	2),
(36,	1,	1,	'2018-09-14 06:55:21',	'2018-09-14 06:55:21',	NULL,	1,	1,	1,	3),
(37,	1,	1,	'2018-09-14 06:55:21',	'2018-09-14 06:55:21',	NULL,	1,	1,	2,	4),
(38,	1,	1,	'2018-09-14 06:55:21',	'2018-09-14 06:55:21',	NULL,	2,	1,	1,	5),
(39,	1,	1,	'2018-09-14 06:55:21',	'2018-09-14 06:55:21',	NULL,	2,	1,	1,	1),
(40,	1,	1,	'2018-09-14 06:55:21',	'2018-09-14 06:55:21',	NULL,	2,	1,	3,	6),
(41,	1,	1,	'2018-09-14 06:55:21',	'2018-09-14 06:55:21',	NULL,	2,	1,	3,	7),
(42,	1,	1,	'2018-09-14 06:55:21',	'2018-09-14 06:55:21',	NULL,	3,	1,	1,	8),
(43,	1,	1,	'2018-09-14 06:55:21',	'2018-09-14 06:55:21',	NULL,	3,	1,	1,	5),
(44,	1,	1,	'2018-09-14 06:55:21',	'2018-09-14 06:55:21',	NULL,	3,	1,	2,	9),
(45,	1,	1,	'2018-09-14 06:55:21',	'2018-09-14 06:55:21',	NULL,	3,	1,	2,	10),
(46,	1,	1,	'2018-09-14 06:55:21',	'2018-09-14 06:55:21',	NULL,	4,	1,	1,	1),
(47,	1,	1,	'2018-09-14 06:55:21',	'2018-09-14 06:55:21',	NULL,	4,	1,	1,	8),
(48,	1,	1,	'2018-09-14 06:55:21',	'2018-09-14 06:55:21',	NULL,	4,	1,	1,	5),
(49,	1,	1,	'2018-09-14 06:55:21',	'2018-09-14 06:55:21',	NULL,	4,	1,	1,	11),
(50,	1,	1,	'2018-09-14 06:55:21',	'2018-09-14 06:55:21',	NULL,	5,	1,	1,	1),
(51,	1,	1,	'2018-09-14 06:55:21',	'2018-09-14 06:55:21',	NULL,	5,	1,	1,	1),
(52,	1,	1,	'2018-09-14 06:55:21',	'2018-09-14 06:55:21',	NULL,	5,	1,	3,	12),
(53,	1,	1,	'2018-09-14 06:55:21',	'2018-09-14 06:55:21',	NULL,	5,	1,	3,	13),
(54,	NULL,	NULL,	'2018-09-14 07:11:13',	'2018-09-14 07:11:13',	NULL,	1,	1,	1,	1),
(55,	NULL,	NULL,	'2018-09-14 07:11:13',	'2018-09-14 07:11:13',	NULL,	1,	1,	1,	2),
(56,	NULL,	NULL,	'2018-09-14 07:11:13',	'2018-09-14 07:11:13',	NULL,	1,	1,	1,	3),
(57,	NULL,	NULL,	'2018-09-14 07:11:13',	'2018-09-14 07:11:13',	NULL,	1,	1,	2,	4),
(58,	NULL,	NULL,	'2018-09-14 07:11:13',	'2018-09-14 07:11:13',	NULL,	2,	1,	1,	5),
(59,	NULL,	NULL,	'2018-09-14 07:11:13',	'2018-09-14 07:11:13',	NULL,	2,	1,	1,	1),
(60,	NULL,	NULL,	'2018-09-14 07:11:13',	'2018-09-14 07:11:13',	NULL,	2,	1,	3,	6),
(61,	NULL,	NULL,	'2018-09-14 07:11:13',	'2018-09-14 07:11:13',	NULL,	2,	1,	3,	7),
(62,	NULL,	NULL,	'2018-09-14 07:11:13',	'2018-09-14 07:11:13',	NULL,	3,	1,	1,	8),
(63,	NULL,	NULL,	'2018-09-14 07:11:13',	'2018-09-14 07:11:13',	NULL,	3,	1,	1,	5),
(64,	NULL,	NULL,	'2018-09-14 07:11:13',	'2018-09-14 07:11:13',	NULL,	3,	1,	2,	9),
(65,	NULL,	NULL,	'2018-09-14 07:11:13',	'2018-09-14 07:11:13',	NULL,	3,	1,	2,	10),
(66,	NULL,	NULL,	'2018-09-14 07:11:13',	'2018-09-14 07:11:13',	NULL,	4,	1,	1,	1),
(67,	NULL,	NULL,	'2018-09-14 07:11:13',	'2018-09-14 07:11:13',	NULL,	4,	1,	1,	8),
(68,	NULL,	NULL,	'2018-09-14 07:11:13',	'2018-09-14 07:11:13',	NULL,	4,	1,	1,	5),
(69,	NULL,	NULL,	'2018-09-14 07:11:13',	'2018-09-14 07:11:13',	NULL,	4,	1,	1,	11),
(70,	NULL,	NULL,	'2018-09-14 07:11:13',	'2018-09-14 07:11:13',	NULL,	5,	1,	1,	1),
(71,	NULL,	NULL,	'2018-09-14 07:11:13',	'2018-09-14 07:11:13',	NULL,	5,	1,	1,	1),
(72,	NULL,	NULL,	'2018-09-14 07:11:13',	'2018-09-14 07:11:13',	NULL,	5,	1,	3,	12),
(73,	NULL,	NULL,	'2018-09-14 07:11:13',	'2018-09-14 07:11:13',	NULL,	5,	1,	3,	13),
(74,	NULL,	NULL,	'2018-09-14 07:11:38',	'2018-09-14 07:11:38',	NULL,	1,	1,	1,	1),
(75,	NULL,	NULL,	'2018-09-14 07:11:38',	'2018-09-14 07:11:38',	NULL,	1,	1,	1,	2),
(76,	NULL,	NULL,	'2018-09-14 07:11:38',	'2018-09-14 07:11:38',	NULL,	1,	1,	1,	3),
(77,	NULL,	NULL,	'2018-09-14 07:11:38',	'2018-09-14 07:11:38',	NULL,	1,	1,	2,	4),
(78,	NULL,	NULL,	'2018-09-14 07:11:38',	'2018-09-14 07:11:38',	NULL,	2,	1,	1,	5),
(79,	NULL,	NULL,	'2018-09-14 07:11:38',	'2018-09-14 07:11:38',	NULL,	2,	1,	1,	1),
(80,	NULL,	NULL,	'2018-09-14 07:11:38',	'2018-09-14 07:11:38',	NULL,	2,	1,	3,	6),
(81,	NULL,	NULL,	'2018-09-14 07:11:38',	'2018-09-14 07:11:38',	NULL,	2,	1,	3,	7),
(82,	NULL,	NULL,	'2018-09-14 07:11:38',	'2018-09-14 07:11:38',	NULL,	3,	1,	1,	8),
(83,	NULL,	NULL,	'2018-09-14 07:11:38',	'2018-09-14 07:11:38',	NULL,	3,	1,	1,	5),
(84,	NULL,	NULL,	'2018-09-14 07:11:38',	'2018-09-14 07:11:38',	NULL,	3,	1,	2,	9),
(85,	NULL,	NULL,	'2018-09-14 07:11:38',	'2018-09-14 07:11:38',	NULL,	3,	1,	2,	10),
(86,	NULL,	NULL,	'2018-09-14 07:11:38',	'2018-09-14 07:11:38',	NULL,	4,	1,	1,	1),
(87,	NULL,	NULL,	'2018-09-14 07:11:38',	'2018-09-14 07:11:38',	NULL,	4,	1,	1,	8),
(88,	NULL,	NULL,	'2018-09-14 07:11:38',	'2018-09-14 07:11:38',	NULL,	4,	1,	1,	5),
(89,	NULL,	NULL,	'2018-09-14 07:11:38',	'2018-09-14 07:11:38',	NULL,	4,	1,	1,	11),
(90,	NULL,	NULL,	'2018-09-14 07:11:38',	'2018-09-14 07:11:38',	NULL,	5,	1,	1,	1),
(91,	NULL,	NULL,	'2018-09-14 07:11:38',	'2018-09-14 07:11:38',	NULL,	5,	1,	1,	1),
(92,	NULL,	NULL,	'2018-09-14 07:11:38',	'2018-09-14 07:11:38',	NULL,	5,	1,	3,	12),
(93,	NULL,	NULL,	'2018-09-14 07:11:38',	'2018-09-14 07:11:38',	NULL,	5,	1,	3,	13),
(94,	NULL,	NULL,	'2018-09-14 07:11:53',	'2018-09-14 07:11:53',	NULL,	1,	1,	1,	1),
(95,	NULL,	NULL,	'2018-09-14 07:11:53',	'2018-09-14 07:11:53',	NULL,	1,	1,	1,	2),
(96,	NULL,	NULL,	'2018-09-14 07:11:53',	'2018-09-14 07:11:53',	NULL,	1,	1,	1,	3),
(97,	NULL,	NULL,	'2018-09-14 07:11:53',	'2018-09-14 07:11:53',	NULL,	1,	1,	2,	4),
(98,	NULL,	NULL,	'2018-09-14 07:11:53',	'2018-09-14 07:11:53',	NULL,	2,	1,	1,	5),
(99,	NULL,	NULL,	'2018-09-14 07:11:53',	'2018-09-14 07:11:53',	NULL,	2,	1,	1,	1),
(100,	NULL,	NULL,	'2018-09-14 07:11:53',	'2018-09-14 07:11:53',	NULL,	2,	1,	3,	6),
(101,	NULL,	NULL,	'2018-09-14 07:11:53',	'2018-09-14 07:11:53',	NULL,	2,	1,	3,	7),
(102,	NULL,	NULL,	'2018-09-14 07:11:53',	'2018-09-14 07:11:53',	NULL,	3,	1,	1,	8),
(103,	NULL,	NULL,	'2018-09-14 07:11:53',	'2018-09-14 07:11:53',	NULL,	3,	1,	1,	5),
(104,	NULL,	NULL,	'2018-09-14 07:11:53',	'2018-09-14 07:11:53',	NULL,	3,	1,	2,	9),
(105,	NULL,	NULL,	'2018-09-14 07:11:53',	'2018-09-14 07:11:53',	NULL,	3,	1,	2,	10),
(106,	NULL,	NULL,	'2018-09-14 07:11:53',	'2018-09-14 07:11:53',	NULL,	4,	1,	1,	1),
(107,	NULL,	NULL,	'2018-09-14 07:11:53',	'2018-09-14 07:11:53',	NULL,	4,	1,	1,	8),
(108,	NULL,	NULL,	'2018-09-14 07:11:53',	'2018-09-14 07:11:53',	NULL,	4,	1,	1,	5),
(109,	NULL,	NULL,	'2018-09-14 07:11:53',	'2018-09-14 07:11:53',	NULL,	4,	1,	1,	11),
(110,	NULL,	NULL,	'2018-09-14 07:11:53',	'2018-09-14 07:11:53',	NULL,	5,	1,	1,	1),
(111,	NULL,	NULL,	'2018-09-14 07:11:53',	'2018-09-14 07:11:53',	NULL,	5,	1,	1,	1),
(112,	NULL,	NULL,	'2018-09-14 07:11:53',	'2018-09-14 07:11:53',	NULL,	5,	1,	3,	12),
(113,	NULL,	NULL,	'2018-09-14 07:11:53',	'2018-09-14 07:11:53',	NULL,	5,	1,	3,	13),
(114,	NULL,	NULL,	'2018-09-14 07:18:47',	'2018-09-14 07:18:47',	NULL,	1,	1,	1,	1),
(115,	NULL,	NULL,	'2018-09-14 07:18:47',	'2018-09-14 07:18:47',	NULL,	1,	1,	1,	2),
(116,	NULL,	NULL,	'2018-09-14 07:18:47',	'2018-09-14 07:18:47',	NULL,	1,	1,	1,	3),
(117,	NULL,	NULL,	'2018-09-14 07:18:47',	'2018-09-14 07:18:47',	NULL,	1,	1,	2,	4),
(118,	NULL,	NULL,	'2018-09-14 07:18:47',	'2018-09-14 07:18:47',	NULL,	2,	1,	1,	5),
(119,	NULL,	NULL,	'2018-09-14 07:18:47',	'2018-09-14 07:18:47',	NULL,	2,	1,	1,	1),
(120,	NULL,	NULL,	'2018-09-14 07:18:47',	'2018-09-14 07:18:47',	NULL,	2,	1,	3,	6),
(121,	NULL,	NULL,	'2018-09-14 07:18:47',	'2018-09-14 07:18:47',	NULL,	2,	1,	3,	7),
(122,	NULL,	NULL,	'2018-09-14 07:18:47',	'2018-09-14 07:18:47',	NULL,	3,	1,	1,	8),
(123,	NULL,	NULL,	'2018-09-14 07:18:47',	'2018-09-14 07:18:47',	NULL,	3,	1,	1,	5),
(124,	NULL,	NULL,	'2018-09-14 07:18:47',	'2018-09-14 07:18:47',	NULL,	3,	1,	2,	9),
(125,	NULL,	NULL,	'2018-09-14 07:18:47',	'2018-09-14 07:18:47',	NULL,	3,	1,	2,	10),
(126,	NULL,	NULL,	'2018-09-14 07:18:47',	'2018-09-14 07:18:47',	NULL,	4,	1,	1,	1),
(127,	NULL,	NULL,	'2018-09-14 07:18:47',	'2018-09-14 07:18:47',	NULL,	4,	1,	1,	8),
(128,	NULL,	NULL,	'2018-09-14 07:18:47',	'2018-09-14 07:18:47',	NULL,	4,	1,	1,	5),
(129,	NULL,	NULL,	'2018-09-14 07:18:47',	'2018-09-14 07:18:47',	NULL,	4,	1,	1,	11),
(130,	NULL,	NULL,	'2018-09-14 07:18:47',	'2018-09-14 07:18:47',	NULL,	5,	1,	1,	1),
(131,	NULL,	NULL,	'2018-09-14 07:18:47',	'2018-09-14 07:18:47',	NULL,	5,	1,	1,	1),
(132,	NULL,	NULL,	'2018-09-14 07:18:47',	'2018-09-14 07:18:47',	NULL,	5,	1,	3,	12),
(133,	NULL,	NULL,	'2018-09-14 07:18:47',	'2018-09-14 07:18:47',	NULL,	5,	1,	3,	13),
(134,	NULL,	NULL,	'2018-09-14 07:19:39',	'2018-09-14 07:19:39',	NULL,	1,	1,	1,	1),
(135,	NULL,	NULL,	'2018-09-14 07:19:39',	'2018-09-14 07:19:39',	NULL,	1,	1,	1,	2),
(136,	NULL,	NULL,	'2018-09-14 07:19:39',	'2018-09-14 07:19:39',	NULL,	1,	1,	1,	3),
(137,	NULL,	NULL,	'2018-09-14 07:19:39',	'2018-09-14 07:19:39',	NULL,	1,	1,	2,	4),
(138,	NULL,	NULL,	'2018-09-14 07:19:39',	'2018-09-14 07:19:39',	NULL,	2,	1,	1,	5),
(139,	NULL,	NULL,	'2018-09-14 07:19:39',	'2018-09-14 07:19:39',	NULL,	2,	1,	1,	1),
(140,	NULL,	NULL,	'2018-09-14 07:19:39',	'2018-09-14 07:19:39',	NULL,	2,	1,	3,	6),
(141,	NULL,	NULL,	'2018-09-14 07:19:39',	'2018-09-14 07:19:39',	NULL,	2,	1,	3,	7),
(142,	NULL,	NULL,	'2018-09-14 07:19:39',	'2018-09-14 07:19:39',	NULL,	3,	1,	1,	8),
(143,	NULL,	NULL,	'2018-09-14 07:19:39',	'2018-09-14 07:19:39',	NULL,	3,	1,	1,	5),
(144,	NULL,	NULL,	'2018-09-14 07:19:39',	'2018-09-14 07:19:39',	NULL,	3,	1,	2,	9),
(145,	NULL,	NULL,	'2018-09-14 07:19:39',	'2018-09-14 07:19:39',	NULL,	3,	1,	2,	10),
(146,	NULL,	NULL,	'2018-09-14 07:19:39',	'2018-09-14 07:19:39',	NULL,	4,	1,	1,	1),
(147,	NULL,	NULL,	'2018-09-14 07:19:39',	'2018-09-14 07:19:39',	NULL,	4,	1,	1,	8),
(148,	NULL,	NULL,	'2018-09-14 07:19:39',	'2018-09-14 07:19:39',	NULL,	4,	1,	1,	5),
(149,	NULL,	NULL,	'2018-09-14 07:19:39',	'2018-09-14 07:19:39',	NULL,	4,	1,	1,	11),
(150,	NULL,	NULL,	'2018-09-14 07:19:39',	'2018-09-14 07:19:39',	NULL,	5,	1,	1,	1),
(151,	NULL,	NULL,	'2018-09-14 07:19:39',	'2018-09-14 07:19:39',	NULL,	5,	1,	1,	1),
(152,	NULL,	NULL,	'2018-09-14 07:19:39',	'2018-09-14 07:19:39',	NULL,	5,	1,	3,	12),
(153,	NULL,	NULL,	'2018-09-14 07:19:39',	'2018-09-14 07:19:39',	NULL,	5,	1,	3,	13),
(154,	NULL,	NULL,	'2018-09-14 07:20:51',	'2018-09-14 07:20:51',	NULL,	1,	1,	1,	1),
(155,	NULL,	NULL,	'2018-09-14 07:20:51',	'2018-09-14 07:20:51',	NULL,	1,	1,	1,	2),
(156,	NULL,	NULL,	'2018-09-14 07:20:51',	'2018-09-14 07:20:51',	NULL,	1,	1,	1,	3),
(157,	NULL,	NULL,	'2018-09-14 07:20:51',	'2018-09-14 07:20:51',	NULL,	1,	1,	2,	4),
(158,	NULL,	NULL,	'2018-09-14 07:20:51',	'2018-09-14 07:20:51',	NULL,	2,	1,	1,	5),
(159,	NULL,	NULL,	'2018-09-14 07:20:51',	'2018-09-14 07:20:51',	NULL,	2,	1,	1,	1),
(160,	NULL,	NULL,	'2018-09-14 07:20:51',	'2018-09-14 07:20:51',	NULL,	2,	1,	3,	6),
(161,	NULL,	NULL,	'2018-09-14 07:20:51',	'2018-09-14 07:20:51',	NULL,	2,	1,	3,	7),
(162,	NULL,	NULL,	'2018-09-14 07:20:51',	'2018-09-14 07:20:51',	NULL,	3,	1,	1,	8),
(163,	NULL,	NULL,	'2018-09-14 07:20:51',	'2018-09-14 07:20:51',	NULL,	3,	1,	1,	5),
(164,	NULL,	NULL,	'2018-09-14 07:20:51',	'2018-09-14 07:20:51',	NULL,	3,	1,	2,	9),
(165,	NULL,	NULL,	'2018-09-14 07:20:51',	'2018-09-14 07:20:51',	NULL,	3,	1,	2,	10),
(166,	NULL,	NULL,	'2018-09-14 07:20:51',	'2018-09-14 07:20:51',	NULL,	4,	1,	1,	1),
(167,	NULL,	NULL,	'2018-09-14 07:20:51',	'2018-09-14 07:20:51',	NULL,	4,	1,	1,	8),
(168,	NULL,	NULL,	'2018-09-14 07:20:51',	'2018-09-14 07:20:51',	NULL,	4,	1,	1,	5),
(169,	NULL,	NULL,	'2018-09-14 07:20:51',	'2018-09-14 07:20:51',	NULL,	4,	1,	1,	11),
(170,	NULL,	NULL,	'2018-09-14 07:20:51',	'2018-09-14 07:20:51',	NULL,	5,	1,	1,	1),
(171,	NULL,	NULL,	'2018-09-14 07:20:51',	'2018-09-14 07:20:51',	NULL,	5,	1,	1,	1),
(172,	NULL,	NULL,	'2018-09-14 07:20:51',	'2018-09-14 07:20:51',	NULL,	5,	1,	3,	12),
(173,	NULL,	NULL,	'2018-09-14 07:20:51',	'2018-09-14 07:20:51',	NULL,	5,	1,	3,	13),
(174,	NULL,	NULL,	'2018-09-14 07:22:42',	'2018-09-14 07:22:42',	NULL,	1,	1,	1,	1),
(175,	NULL,	NULL,	'2018-09-14 07:22:42',	'2018-09-14 07:22:42',	NULL,	1,	1,	1,	2),
(176,	NULL,	NULL,	'2018-09-14 07:22:42',	'2018-09-14 07:22:42',	NULL,	1,	1,	1,	3),
(177,	NULL,	NULL,	'2018-09-14 07:22:42',	'2018-09-14 07:22:42',	NULL,	1,	1,	2,	4),
(178,	NULL,	NULL,	'2018-09-14 07:22:42',	'2018-09-14 07:22:42',	NULL,	2,	1,	1,	5),
(179,	NULL,	NULL,	'2018-09-14 07:22:42',	'2018-09-14 07:22:42',	NULL,	2,	1,	1,	1),
(180,	NULL,	NULL,	'2018-09-14 07:22:42',	'2018-09-14 07:22:42',	NULL,	2,	1,	3,	6),
(181,	NULL,	NULL,	'2018-09-14 07:22:42',	'2018-09-14 07:22:42',	NULL,	2,	1,	3,	7),
(182,	NULL,	NULL,	'2018-09-14 07:22:42',	'2018-09-14 07:22:42',	NULL,	3,	1,	1,	8),
(183,	NULL,	NULL,	'2018-09-14 07:22:42',	'2018-09-14 07:22:42',	NULL,	3,	1,	1,	5),
(184,	NULL,	NULL,	'2018-09-14 07:22:42',	'2018-09-14 07:22:42',	NULL,	3,	1,	2,	9),
(185,	NULL,	NULL,	'2018-09-14 07:22:42',	'2018-09-14 07:22:42',	NULL,	3,	1,	2,	10),
(186,	NULL,	NULL,	'2018-09-14 07:22:42',	'2018-09-14 07:22:42',	NULL,	4,	1,	1,	1),
(187,	NULL,	NULL,	'2018-09-14 07:22:42',	'2018-09-14 07:22:42',	NULL,	4,	1,	1,	8),
(188,	NULL,	NULL,	'2018-09-14 07:22:42',	'2018-09-14 07:22:42',	NULL,	4,	1,	1,	5),
(189,	NULL,	NULL,	'2018-09-14 07:22:42',	'2018-09-14 07:22:42',	NULL,	4,	1,	1,	11),
(190,	NULL,	NULL,	'2018-09-14 07:22:42',	'2018-09-14 07:22:42',	NULL,	5,	1,	1,	1),
(191,	NULL,	NULL,	'2018-09-14 07:22:42',	'2018-09-14 07:22:42',	NULL,	5,	1,	1,	1),
(192,	NULL,	NULL,	'2018-09-14 07:22:42',	'2018-09-14 07:22:42',	NULL,	5,	1,	3,	12),
(193,	NULL,	NULL,	'2018-09-14 07:22:42',	'2018-09-14 07:22:42',	NULL,	5,	1,	3,	13),
(194,	NULL,	NULL,	'2018-09-14 07:23:51',	'2018-09-14 07:23:51',	NULL,	1,	1,	1,	1),
(195,	NULL,	NULL,	'2018-09-14 07:23:51',	'2018-09-14 07:23:51',	NULL,	1,	1,	1,	2),
(196,	NULL,	NULL,	'2018-09-14 07:23:51',	'2018-09-14 07:23:51',	NULL,	1,	1,	1,	3),
(197,	NULL,	NULL,	'2018-09-14 07:23:51',	'2018-09-14 07:23:51',	NULL,	1,	1,	2,	4),
(198,	NULL,	NULL,	'2018-09-14 07:23:51',	'2018-09-14 07:23:51',	NULL,	2,	1,	1,	5),
(199,	NULL,	NULL,	'2018-09-14 07:23:51',	'2018-09-14 07:23:51',	NULL,	2,	1,	1,	1),
(200,	NULL,	NULL,	'2018-09-14 07:23:51',	'2018-09-14 07:23:51',	NULL,	2,	1,	3,	6),
(201,	NULL,	NULL,	'2018-09-14 07:23:51',	'2018-09-14 07:23:51',	NULL,	2,	1,	3,	7),
(202,	NULL,	NULL,	'2018-09-14 07:23:51',	'2018-09-14 07:23:51',	NULL,	3,	1,	1,	8),
(203,	NULL,	NULL,	'2018-09-14 07:23:51',	'2018-09-14 07:23:51',	NULL,	3,	1,	1,	5),
(204,	NULL,	NULL,	'2018-09-14 07:23:51',	'2018-09-14 07:23:51',	NULL,	3,	1,	2,	9),
(205,	NULL,	NULL,	'2018-09-14 07:23:51',	'2018-09-14 07:23:51',	NULL,	3,	1,	2,	10),
(206,	NULL,	NULL,	'2018-09-14 07:23:51',	'2018-09-14 07:23:51',	NULL,	4,	1,	1,	1),
(207,	NULL,	NULL,	'2018-09-14 07:23:51',	'2018-09-14 07:23:51',	NULL,	4,	1,	1,	8),
(208,	NULL,	NULL,	'2018-09-14 07:23:51',	'2018-09-14 07:23:51',	NULL,	4,	1,	1,	5),
(209,	NULL,	NULL,	'2018-09-14 07:23:51',	'2018-09-14 07:23:51',	NULL,	4,	1,	1,	11),
(210,	NULL,	NULL,	'2018-09-14 07:23:51',	'2018-09-14 07:23:51',	NULL,	5,	1,	1,	1),
(211,	NULL,	NULL,	'2018-09-14 07:23:51',	'2018-09-14 07:23:51',	NULL,	5,	1,	1,	1),
(212,	NULL,	NULL,	'2018-09-14 07:23:51',	'2018-09-14 07:23:51',	NULL,	5,	1,	3,	12),
(213,	NULL,	NULL,	'2018-09-14 07:23:51',	'2018-09-14 07:23:51',	NULL,	5,	1,	3,	13),
(214,	NULL,	NULL,	'2018-09-14 07:24:00',	'2018-09-14 07:24:00',	NULL,	1,	1,	1,	1),
(215,	NULL,	NULL,	'2018-09-14 07:24:00',	'2018-09-14 07:24:00',	NULL,	1,	1,	1,	2),
(216,	NULL,	NULL,	'2018-09-14 07:24:00',	'2018-09-14 07:24:00',	NULL,	1,	1,	1,	3),
(217,	NULL,	NULL,	'2018-09-14 07:24:00',	'2018-09-14 07:24:00',	NULL,	1,	1,	2,	4),
(218,	NULL,	NULL,	'2018-09-14 07:24:00',	'2018-09-14 07:24:00',	NULL,	2,	1,	1,	5),
(219,	NULL,	NULL,	'2018-09-14 07:24:00',	'2018-09-14 07:24:00',	NULL,	2,	1,	1,	1),
(220,	NULL,	NULL,	'2018-09-14 07:24:00',	'2018-09-14 07:24:00',	NULL,	2,	1,	3,	6),
(221,	NULL,	NULL,	'2018-09-14 07:24:00',	'2018-09-14 07:24:00',	NULL,	2,	1,	3,	7),
(222,	NULL,	NULL,	'2018-09-14 07:24:00',	'2018-09-14 07:24:00',	NULL,	3,	1,	1,	8),
(223,	NULL,	NULL,	'2018-09-14 07:24:00',	'2018-09-14 07:24:00',	NULL,	3,	1,	1,	5),
(224,	NULL,	NULL,	'2018-09-14 07:24:00',	'2018-09-14 07:24:00',	NULL,	3,	1,	2,	9),
(225,	NULL,	NULL,	'2018-09-14 07:24:00',	'2018-09-14 07:24:00',	NULL,	3,	1,	2,	10),
(226,	NULL,	NULL,	'2018-09-14 07:24:00',	'2018-09-14 07:24:00',	NULL,	4,	1,	1,	1),
(227,	NULL,	NULL,	'2018-09-14 07:24:00',	'2018-09-14 07:24:00',	NULL,	4,	1,	1,	8),
(228,	NULL,	NULL,	'2018-09-14 07:24:00',	'2018-09-14 07:24:00',	NULL,	4,	1,	1,	5),
(229,	NULL,	NULL,	'2018-09-14 07:24:00',	'2018-09-14 07:24:00',	NULL,	4,	1,	1,	11),
(230,	NULL,	NULL,	'2018-09-14 07:24:00',	'2018-09-14 07:24:00',	NULL,	5,	1,	1,	1),
(231,	NULL,	NULL,	'2018-09-14 07:24:00',	'2018-09-14 07:24:00',	NULL,	5,	1,	1,	1),
(232,	NULL,	NULL,	'2018-09-14 07:24:00',	'2018-09-14 07:24:00',	NULL,	5,	1,	3,	12),
(233,	NULL,	NULL,	'2018-09-14 07:24:00',	'2018-09-14 07:24:00',	NULL,	5,	1,	3,	13),
(234,	NULL,	NULL,	'2018-09-14 07:25:03',	'2018-09-14 07:25:03',	NULL,	1,	1,	1,	1),
(235,	NULL,	NULL,	'2018-09-14 07:25:03',	'2018-09-14 07:25:03',	NULL,	1,	1,	1,	2),
(236,	NULL,	NULL,	'2018-09-14 07:25:03',	'2018-09-14 07:25:03',	NULL,	1,	1,	1,	3),
(237,	NULL,	NULL,	'2018-09-14 07:25:03',	'2018-09-14 07:25:03',	NULL,	1,	1,	2,	4),
(238,	NULL,	NULL,	'2018-09-14 07:25:03',	'2018-09-14 07:25:03',	NULL,	2,	1,	1,	5),
(239,	NULL,	NULL,	'2018-09-14 07:25:03',	'2018-09-14 07:25:03',	NULL,	2,	1,	1,	1),
(240,	NULL,	NULL,	'2018-09-14 07:25:03',	'2018-09-14 07:25:03',	NULL,	2,	1,	3,	6),
(241,	NULL,	NULL,	'2018-09-14 07:25:03',	'2018-09-14 07:25:03',	NULL,	2,	1,	3,	7),
(242,	NULL,	NULL,	'2018-09-14 07:25:03',	'2018-09-14 07:25:03',	NULL,	3,	1,	1,	8),
(243,	NULL,	NULL,	'2018-09-14 07:25:03',	'2018-09-14 07:25:03',	NULL,	3,	1,	1,	5),
(244,	NULL,	NULL,	'2018-09-14 07:25:03',	'2018-09-14 07:25:03',	NULL,	3,	1,	2,	9),
(245,	NULL,	NULL,	'2018-09-14 07:25:03',	'2018-09-14 07:25:03',	NULL,	3,	1,	2,	10),
(246,	NULL,	NULL,	'2018-09-14 07:25:03',	'2018-09-14 07:25:03',	NULL,	4,	1,	1,	1),
(247,	NULL,	NULL,	'2018-09-14 07:25:03',	'2018-09-14 07:25:03',	NULL,	4,	1,	1,	8),
(248,	NULL,	NULL,	'2018-09-14 07:25:03',	'2018-09-14 07:25:03',	NULL,	4,	1,	1,	5),
(249,	NULL,	NULL,	'2018-09-14 07:25:03',	'2018-09-14 07:25:03',	NULL,	4,	1,	1,	11),
(250,	NULL,	NULL,	'2018-09-14 07:25:03',	'2018-09-14 07:25:03',	NULL,	5,	1,	1,	1),
(251,	NULL,	NULL,	'2018-09-14 07:25:03',	'2018-09-14 07:25:03',	NULL,	5,	1,	1,	1),
(252,	NULL,	NULL,	'2018-09-14 07:25:03',	'2018-09-14 07:25:03',	NULL,	5,	1,	3,	12),
(253,	NULL,	NULL,	'2018-09-14 07:25:03',	'2018-09-14 07:25:03',	NULL,	5,	1,	3,	13),
(254,	NULL,	NULL,	'2018-09-14 07:25:30',	'2018-09-14 07:25:30',	NULL,	1,	1,	1,	1),
(255,	NULL,	NULL,	'2018-09-14 07:25:30',	'2018-09-14 07:25:30',	NULL,	1,	1,	1,	2),
(256,	NULL,	NULL,	'2018-09-14 07:25:30',	'2018-09-14 07:25:30',	NULL,	1,	1,	1,	3),
(257,	NULL,	NULL,	'2018-09-14 07:25:30',	'2018-09-14 07:25:30',	NULL,	1,	1,	2,	4),
(258,	NULL,	NULL,	'2018-09-14 07:25:30',	'2018-09-14 07:25:30',	NULL,	2,	1,	1,	5),
(259,	NULL,	NULL,	'2018-09-14 07:25:30',	'2018-09-14 07:25:30',	NULL,	2,	1,	1,	1),
(260,	NULL,	NULL,	'2018-09-14 07:25:30',	'2018-09-14 07:25:30',	NULL,	2,	1,	3,	6),
(261,	NULL,	NULL,	'2018-09-14 07:25:30',	'2018-09-14 07:25:30',	NULL,	2,	1,	3,	7),
(263,	NULL,	NULL,	'2018-09-14 07:25:30',	'2018-09-14 07:25:30',	NULL,	3,	1,	1,	5),
(264,	NULL,	NULL,	'2018-09-14 07:25:30',	'2018-09-14 07:25:30',	NULL,	3,	1,	2,	9),
(265,	NULL,	NULL,	'2018-09-14 07:25:30',	'2018-09-14 07:25:30',	NULL,	3,	1,	2,	10),
(266,	NULL,	NULL,	'2018-09-14 07:25:30',	'2018-09-14 07:25:30',	NULL,	4,	1,	1,	1),
(267,	NULL,	NULL,	'2018-09-14 07:25:30',	'2018-09-14 07:25:30',	NULL,	4,	1,	1,	8),
(268,	NULL,	NULL,	'2018-09-14 07:25:30',	'2018-09-14 07:25:30',	NULL,	4,	1,	1,	5),
(269,	NULL,	NULL,	'2018-09-14 07:25:30',	'2018-09-14 07:25:30',	NULL,	4,	1,	1,	11),
(270,	NULL,	NULL,	'2018-09-14 07:25:30',	'2018-09-14 07:25:30',	NULL,	5,	1,	1,	1),
(271,	NULL,	NULL,	'2018-09-14 07:25:30',	'2018-09-14 07:25:30',	NULL,	5,	1,	1,	1),
(272,	NULL,	NULL,	'2018-09-14 07:25:30',	'2018-09-14 07:25:30',	NULL,	5,	1,	3,	12),
(273,	NULL,	NULL,	'2018-09-14 07:25:30',	'2018-09-14 07:25:30',	NULL,	5,	1,	3,	13),
(274,	NULL,	NULL,	'2018-09-14 07:36:50',	'2018-09-14 07:36:50',	NULL,	1,	1,	1,	1),
(275,	NULL,	NULL,	'2018-09-14 07:36:50',	'2018-09-14 07:36:50',	NULL,	1,	1,	1,	2),
(276,	NULL,	NULL,	'2018-09-14 07:36:50',	'2018-09-14 07:36:50',	NULL,	1,	1,	1,	3),
(277,	NULL,	NULL,	'2018-09-14 07:36:50',	'2018-09-14 07:36:50',	NULL,	1,	1,	2,	4),
(278,	NULL,	NULL,	'2018-09-14 07:36:50',	'2018-09-14 07:36:50',	NULL,	2,	1,	1,	5),
(279,	NULL,	NULL,	'2018-09-14 07:36:50',	'2018-09-14 07:36:50',	NULL,	2,	1,	1,	1),
(280,	NULL,	NULL,	'2018-09-14 07:36:50',	'2018-09-14 07:36:50',	NULL,	2,	1,	3,	6),
(281,	NULL,	NULL,	'2018-09-14 07:36:50',	'2018-09-14 07:36:50',	NULL,	2,	1,	3,	7),
(283,	NULL,	NULL,	'2018-09-14 07:36:50',	'2018-09-14 07:36:50',	NULL,	3,	1,	1,	5),
(284,	NULL,	NULL,	'2018-09-14 07:36:50',	'2018-09-14 07:36:50',	NULL,	3,	1,	2,	9),
(285,	NULL,	NULL,	'2018-09-14 07:36:50',	'2018-09-14 07:36:50',	NULL,	3,	1,	2,	10),
(286,	NULL,	NULL,	'2018-09-14 07:36:50',	'2018-09-14 07:36:50',	NULL,	4,	1,	1,	1),
(287,	NULL,	NULL,	'2018-09-14 07:36:50',	'2018-09-14 07:36:50',	NULL,	4,	1,	1,	8),
(288,	NULL,	NULL,	'2018-09-14 07:36:50',	'2018-09-14 07:36:50',	NULL,	4,	1,	1,	5),
(289,	NULL,	NULL,	'2018-09-14 07:36:50',	'2018-09-14 07:36:50',	NULL,	4,	1,	1,	11),
(290,	NULL,	NULL,	'2018-09-14 07:36:50',	'2018-09-14 07:36:50',	NULL,	5,	1,	1,	1),
(291,	NULL,	NULL,	'2018-09-14 07:36:50',	'2018-09-14 07:36:50',	NULL,	5,	1,	1,	1),
(292,	NULL,	NULL,	'2018-09-14 07:36:50',	'2018-09-14 07:36:50',	NULL,	5,	1,	3,	12),
(293,	NULL,	NULL,	'2018-09-14 07:36:50',	'2018-09-14 07:36:50',	NULL,	5,	1,	3,	13),
(294,	NULL,	NULL,	'2018-09-16 22:24:25',	'2018-09-16 22:24:25',	NULL,	1,	1,	1,	1),
(295,	NULL,	NULL,	'2018-09-16 22:24:25',	'2018-09-16 22:24:25',	NULL,	1,	1,	1,	2),
(296,	NULL,	NULL,	'2018-09-16 22:24:25',	'2018-09-16 22:24:25',	NULL,	1,	1,	1,	3),
(297,	NULL,	NULL,	'2018-09-16 22:24:25',	'2018-09-16 22:24:25',	NULL,	1,	1,	2,	4),
(298,	NULL,	NULL,	'2018-09-16 22:24:25',	'2018-09-16 22:24:25',	NULL,	2,	1,	1,	5),
(299,	NULL,	NULL,	'2018-09-16 22:24:25',	'2018-09-16 22:24:25',	NULL,	2,	1,	1,	1),
(300,	NULL,	NULL,	'2018-09-16 22:24:25',	'2018-09-16 22:24:25',	NULL,	2,	1,	3,	6),
(301,	NULL,	NULL,	'2018-09-16 22:24:25',	'2018-09-16 22:24:25',	NULL,	2,	1,	3,	7),
(303,	NULL,	NULL,	'2018-09-16 22:24:25',	'2018-09-16 22:24:25',	NULL,	3,	1,	1,	5),
(304,	NULL,	NULL,	'2018-09-16 22:24:25',	'2018-09-16 22:24:25',	NULL,	3,	1,	2,	9),
(305,	NULL,	NULL,	'2018-09-16 22:24:25',	'2018-09-16 22:24:25',	NULL,	3,	1,	2,	10),
(306,	NULL,	NULL,	'2018-09-16 22:24:25',	'2018-09-16 22:24:25',	NULL,	4,	1,	1,	1),
(307,	NULL,	NULL,	'2018-09-16 22:24:25',	'2018-09-16 22:24:25',	NULL,	4,	1,	1,	8),
(308,	NULL,	NULL,	'2018-09-16 22:24:25',	'2018-09-16 22:24:25',	NULL,	4,	1,	1,	5),
(309,	NULL,	NULL,	'2018-09-16 22:24:25',	'2018-09-16 22:24:25',	NULL,	4,	1,	1,	11),
(310,	NULL,	NULL,	'2018-09-16 22:24:25',	'2018-09-16 22:24:25',	NULL,	5,	1,	1,	1),
(311,	NULL,	NULL,	'2018-09-16 22:24:25',	'2018-09-16 22:24:25',	NULL,	5,	1,	1,	1),
(312,	NULL,	NULL,	'2018-09-16 22:24:25',	'2018-09-16 22:24:25',	NULL,	5,	1,	3,	12),
(313,	NULL,	NULL,	'2018-09-16 22:24:25',	'2018-09-16 22:24:25',	NULL,	5,	1,	3,	13),
(314,	NULL,	NULL,	'2018-09-16 22:24:38',	'2018-09-16 22:24:38',	NULL,	1,	1,	1,	1),
(315,	NULL,	NULL,	'2018-09-16 22:24:38',	'2018-09-16 22:24:38',	NULL,	1,	1,	1,	2),
(316,	NULL,	NULL,	'2018-09-16 22:24:38',	'2018-09-16 22:24:38',	NULL,	1,	1,	1,	3),
(317,	NULL,	NULL,	'2018-09-16 22:24:38',	'2018-09-16 22:24:38',	NULL,	1,	1,	2,	4),
(318,	NULL,	NULL,	'2018-09-16 22:24:38',	'2018-09-16 22:24:38',	NULL,	2,	1,	1,	5),
(319,	NULL,	NULL,	'2018-09-16 22:24:38',	'2018-09-16 22:24:38',	NULL,	2,	1,	1,	1),
(320,	NULL,	NULL,	'2018-09-16 22:24:38',	'2018-09-16 22:24:38',	NULL,	2,	1,	3,	6),
(321,	NULL,	NULL,	'2018-09-16 22:24:38',	'2018-09-16 22:24:38',	NULL,	2,	1,	3,	7),
(323,	NULL,	NULL,	'2018-09-16 22:24:38',	'2018-09-16 22:24:38',	NULL,	3,	1,	1,	5),
(324,	NULL,	NULL,	'2018-09-16 22:24:38',	'2018-09-16 22:24:38',	NULL,	3,	1,	2,	9),
(325,	NULL,	NULL,	'2018-09-16 22:24:38',	'2018-09-16 22:24:38',	NULL,	3,	1,	2,	10),
(326,	NULL,	NULL,	'2018-09-16 22:24:38',	'2018-09-16 22:24:38',	NULL,	4,	1,	1,	1),
(327,	NULL,	NULL,	'2018-09-16 22:24:38',	'2018-09-16 22:24:38',	NULL,	4,	1,	1,	8),
(328,	NULL,	NULL,	'2018-09-16 22:24:38',	'2018-09-16 22:24:38',	NULL,	4,	1,	1,	5),
(329,	NULL,	NULL,	'2018-09-16 22:24:38',	'2018-09-16 22:24:38',	NULL,	4,	1,	1,	11),
(330,	NULL,	NULL,	'2018-09-16 22:24:38',	'2018-09-16 22:24:38',	NULL,	5,	1,	1,	1),
(331,	NULL,	NULL,	'2018-09-16 22:24:38',	'2018-09-16 22:24:38',	NULL,	5,	1,	1,	1),
(332,	NULL,	NULL,	'2018-09-16 22:24:38',	'2018-09-16 22:24:38',	NULL,	5,	1,	3,	12),
(333,	NULL,	NULL,	'2018-09-16 22:24:38',	'2018-09-16 22:24:38',	NULL,	5,	1,	3,	13),
(334,	NULL,	NULL,	'2018-09-16 22:25:13',	'2018-09-16 22:25:13',	NULL,	1,	1,	1,	1),
(335,	NULL,	NULL,	'2018-09-16 22:25:13',	'2018-09-16 22:25:13',	NULL,	1,	1,	1,	2),
(336,	NULL,	NULL,	'2018-09-16 22:25:13',	'2018-09-16 22:25:13',	NULL,	1,	1,	1,	3),
(337,	NULL,	NULL,	'2018-09-16 22:25:13',	'2018-09-16 22:25:13',	NULL,	1,	1,	2,	4),
(338,	NULL,	NULL,	'2018-09-16 22:25:13',	'2018-09-16 22:25:13',	NULL,	2,	1,	1,	5),
(339,	NULL,	NULL,	'2018-09-16 22:25:13',	'2018-09-16 22:25:13',	NULL,	2,	1,	1,	1),
(340,	NULL,	NULL,	'2018-09-16 22:25:13',	'2018-09-16 22:25:13',	NULL,	2,	1,	3,	6),
(341,	NULL,	NULL,	'2018-09-16 22:25:13',	'2018-09-16 22:25:13',	NULL,	2,	1,	3,	7),
(343,	NULL,	NULL,	'2018-09-16 22:25:13',	'2018-09-16 22:25:13',	NULL,	3,	1,	1,	5),
(344,	NULL,	NULL,	'2018-09-16 22:25:13',	'2018-09-16 22:25:13',	NULL,	3,	1,	2,	9),
(345,	NULL,	NULL,	'2018-09-16 22:25:13',	'2018-09-16 22:25:13',	NULL,	3,	1,	2,	10),
(346,	NULL,	NULL,	'2018-09-16 22:25:13',	'2018-09-16 22:25:13',	NULL,	4,	1,	1,	1),
(347,	NULL,	NULL,	'2018-09-16 22:25:13',	'2018-09-16 22:25:13',	NULL,	4,	1,	1,	8),
(348,	NULL,	NULL,	'2018-09-16 22:25:13',	'2018-09-16 22:25:13',	NULL,	4,	1,	1,	5),
(349,	NULL,	NULL,	'2018-09-16 22:25:13',	'2018-09-16 22:25:13',	NULL,	4,	1,	1,	11),
(350,	NULL,	NULL,	'2018-09-16 22:25:13',	'2018-09-16 22:25:13',	NULL,	5,	1,	1,	1),
(351,	NULL,	NULL,	'2018-09-16 22:25:13',	'2018-09-16 22:25:13',	NULL,	5,	1,	1,	1),
(352,	NULL,	NULL,	'2018-09-16 22:25:13',	'2018-09-16 22:25:13',	NULL,	5,	1,	3,	12),
(353,	NULL,	NULL,	'2018-09-16 22:25:13',	'2018-09-16 22:25:13',	NULL,	5,	1,	3,	13),
(354,	NULL,	NULL,	'2018-09-16 22:53:52',	'2018-09-16 22:53:52',	NULL,	1,	1,	1,	1),
(355,	NULL,	NULL,	'2018-09-16 22:53:52',	'2018-09-16 22:53:52',	NULL,	1,	1,	1,	2),
(356,	NULL,	NULL,	'2018-09-16 22:53:52',	'2018-09-16 22:53:52',	NULL,	1,	1,	1,	3),
(357,	NULL,	NULL,	'2018-09-16 22:53:52',	'2018-09-16 22:53:52',	NULL,	1,	1,	2,	4),
(358,	NULL,	NULL,	'2018-09-16 22:53:52',	'2018-09-16 22:53:52',	NULL,	2,	1,	1,	5),
(359,	NULL,	NULL,	'2018-09-16 22:53:52',	'2018-09-16 22:53:52',	NULL,	2,	1,	1,	1),
(360,	NULL,	NULL,	'2018-09-16 22:53:52',	'2018-09-16 22:53:52',	NULL,	2,	1,	3,	6),
(361,	NULL,	NULL,	'2018-09-16 22:53:52',	'2018-09-16 22:53:52',	NULL,	2,	1,	3,	7),
(363,	NULL,	NULL,	'2018-09-16 22:53:52',	'2018-09-16 22:53:52',	NULL,	3,	1,	1,	5),
(364,	NULL,	NULL,	'2018-09-16 22:53:52',	'2018-09-16 22:53:52',	NULL,	3,	1,	2,	9),
(365,	NULL,	NULL,	'2018-09-16 22:53:52',	'2018-09-16 22:53:52',	NULL,	3,	1,	2,	10),
(366,	NULL,	NULL,	'2018-09-16 22:53:52',	'2018-09-16 22:53:52',	NULL,	4,	1,	1,	1),
(367,	NULL,	NULL,	'2018-09-16 22:53:52',	'2018-09-16 22:53:52',	NULL,	4,	1,	1,	8),
(368,	NULL,	NULL,	'2018-09-16 22:53:52',	'2018-09-16 22:53:52',	NULL,	4,	1,	1,	5),
(369,	NULL,	NULL,	'2018-09-16 22:53:52',	'2018-09-16 22:53:52',	NULL,	4,	1,	1,	11),
(370,	NULL,	NULL,	'2018-09-16 22:53:52',	'2018-09-16 22:53:52',	NULL,	5,	1,	1,	1),
(371,	NULL,	NULL,	'2018-09-16 22:53:52',	'2018-09-16 22:53:52',	NULL,	5,	1,	1,	1),
(372,	NULL,	NULL,	'2018-09-16 22:53:52',	'2018-09-16 22:53:52',	NULL,	5,	1,	3,	12),
(373,	NULL,	NULL,	'2018-09-16 22:53:52',	'2018-09-16 22:53:52',	NULL,	5,	1,	3,	13);

DROP TABLE IF EXISTS `semesters`;
CREATE TABLE `semesters` (
  `id` int(10) unsigned NOT NULL AUTO_INCREMENT,
  `creator_id` int(10) unsigned DEFAULT NULL,
  `updater_id` int(10) unsigned DEFAULT NULL,
  `created_at` timestamp NULL DEFAULT NULL,
  `updated_at` timestamp NULL DEFAULT NULL,
  `deleted_at` timestamp NULL DEFAULT NULL,
  `name` varchar(191) COLLATE utf8mb4_unicode_ci NOT NULL COMMENT 'Semester name',
  PRIMARY KEY (`id`)
) ENGINE=InnoDB DEFAULT CHARSET=utf8mb4 COLLATE=utf8mb4_unicode_ci;

INSERT INTO `semesters` (`id`, `creator_id`, `updater_id`, `created_at`, `updated_at`, `deleted_at`, `name`) VALUES
(1,	NULL,	NULL,	NULL,	NULL,	NULL,	'semester I'),
(2,	NULL,	NULL,	NULL,	NULL,	NULL,	'semester II'),
(3,	NULL,	NULL,	NULL,	NULL,	NULL,	'semester III'),
(4,	NULL,	NULL,	NULL,	NULL,	NULL,	'semester IV'),
(5,	NULL,	NULL,	NULL,	NULL,	NULL,	'semester V'),
(6,	NULL,	NULL,	NULL,	NULL,	NULL,	'semester VI'),
(7,	NULL,	NULL,	NULL,	NULL,	NULL,	'semester VII'),
(8,	NULL,	NULL,	NULL,	NULL,	NULL,	'semester VII');

DROP TABLE IF EXISTS `settings`;
CREATE TABLE `settings` (
  `id` int(10) unsigned NOT NULL AUTO_INCREMENT,
  `creator_id` int(10) unsigned DEFAULT NULL,
  `updater_id` int(10) unsigned DEFAULT NULL,
  `created_at` timestamp NULL DEFAULT NULL,
  `updated_at` timestamp NULL DEFAULT NULL,
  `deleted_at` timestamp NULL DEFAULT NULL,
  `institute_id` int(11) NOT NULL COMMENT 'institutes table foreign key.',
  `name` varchar(191) COLLATE utf8mb4_unicode_ci NOT NULL COMMENT 'Name of Settings.',
  `alias` varchar(191) COLLATE utf8mb4_unicode_ci NOT NULL COMMENT 'Alias will be used for the coding.',
  `value` varchar(191) COLLATE utf8mb4_unicode_ci NOT NULL COMMENT 'Settings values.',
  PRIMARY KEY (`id`),
  KEY `settings_institute_id_index` (`institute_id`)
) ENGINE=InnoDB DEFAULT CHARSET=utf8mb4 COLLATE=utf8mb4_unicode_ci;


DROP TABLE IF EXISTS `sliders`;
CREATE TABLE `sliders` (
  `id` int(10) unsigned NOT NULL AUTO_INCREMENT,
  `creator_id` int(10) unsigned DEFAULT NULL,
  `updater_id` int(10) unsigned DEFAULT NULL,
  `created_at` timestamp NULL DEFAULT NULL,
  `updated_at` timestamp NULL DEFAULT NULL,
  `name` varchar(191) COLLATE utf8mb4_unicode_ci DEFAULT NULL,
  `slider_type` enum('banner','slider') COLLATE utf8mb4_unicode_ci NOT NULL,
  `slides_per_page` int(11) NOT NULL,
  `auto_play` tinyint(1) NOT NULL DEFAULT 0,
  `slider_width` int(11) DEFAULT NULL,
  `slider_height` int(11) DEFAULT NULL,
  `model_id` int(10) unsigned DEFAULT NULL COMMENT 'Model id',
  `model_type` varchar(191) COLLATE utf8mb4_unicode_ci DEFAULT NULL COMMENT 'Model Name',
  PRIMARY KEY (`id`),
  KEY `sliders_model_id_index` (`model_id`),
  KEY `sliders_model_type_index` (`model_type`)
) ENGINE=InnoDB DEFAULT CHARSET=utf8mb4 COLLATE=utf8mb4_unicode_ci;

INSERT INTO `sliders` (`id`, `creator_id`, `updater_id`, `created_at`, `updated_at`, `name`, `slider_type`, `slides_per_page`, `auto_play`, `slider_width`, `slider_height`, `model_id`, `model_type`) VALUES
(5,	NULL,	NULL,	'2018-09-17 05:24:47',	'2018-09-17 05:39:10',	'GNU',	'banner',	12,	0,	12,	12,	NULL,	NULL);

DROP TABLE IF EXISTS `slider_entities`;
CREATE TABLE `slider_entities` (
  `id` int(10) unsigned NOT NULL AUTO_INCREMENT,
  `creator_id` int(10) unsigned DEFAULT NULL,
  `updater_id` int(10) unsigned DEFAULT NULL,
  `created_at` timestamp NULL DEFAULT NULL,
  `updated_at` timestamp NULL DEFAULT NULL,
  `entity_id` int(10) unsigned NOT NULL,
  `entity_type` varchar(191) COLLATE utf8mb4_unicode_ci NOT NULL,
  `slider_id` int(10) unsigned NOT NULL,
  PRIMARY KEY (`id`)
) ENGINE=InnoDB DEFAULT CHARSET=utf8mb4 COLLATE=utf8mb4_unicode_ci;


DROP TABLE IF EXISTS `slider_images`;
CREATE TABLE `slider_images` (
  `id` int(10) unsigned NOT NULL AUTO_INCREMENT,
  `creator_id` int(10) unsigned DEFAULT NULL,
  `updater_id` int(10) unsigned DEFAULT NULL,
  `created_at` timestamp NULL DEFAULT NULL,
  `updated_at` timestamp NULL DEFAULT NULL,
  `slider_id` int(11) NOT NULL,
  `title` longtext COLLATE utf8mb4_unicode_ci DEFAULT NULL,
  `description` longtext COLLATE utf8mb4_unicode_ci DEFAULT NULL,
  `caption` longtext COLLATE utf8mb4_unicode_ci DEFAULT NULL,
  `image_name` longtext COLLATE utf8mb4_unicode_ci NOT NULL,
  `start_date` datetime NOT NULL DEFAULT '2018-09-13 10:21:11',
  `end_date` datetime NOT NULL DEFAULT '2018-09-13 10:21:11',
  PRIMARY KEY (`id`)
) ENGINE=InnoDB DEFAULT CHARSET=utf8mb4 COLLATE=utf8mb4_unicode_ci;

INSERT INTO `slider_images` (`id`, `creator_id`, `updater_id`, `created_at`, `updated_at`, `slider_id`, `title`, `description`, `caption`, `image_name`, `start_date`, `end_date`) VALUES
(1,	NULL,	NULL,	'2018-09-17 01:55:01',	'2018-09-17 01:55:01',	3,	'Slider',	'Image',	NULL,	'1537168720_1521179856gnu2.jpg',	'2018-09-05 00:00:00',	'2018-09-22 00:00:00'),
(2,	NULL,	NULL,	'2018-09-17 01:59:58',	'2018-09-17 05:30:43',	4,	'Sliders',	'Image',	NULL,	'1537169381_1521179856gnu2.jpg',	'2018-09-06 00:00:00',	'2018-09-30 00:00:00'),
(3,	NULL,	NULL,	'2018-09-17 05:24:47',	'2018-09-17 05:40:07',	5,	'We are Engaged to give you A Good Future',	'Join our community to get updates and special offers.You can unsubscribe at any time. We can still be Friends !',	NULL,	'1537181676_1521179856gnu1.jpg',	'2018-09-01 00:00:00',	'2018-09-30 00:00:00'),
(5,	NULL,	NULL,	'2018-09-17 05:28:10',	'2018-09-17 05:40:07',	5,	'We are Engaged to give you A Good Future',	'Join our community to get updates and special offers.You can unsubscribe at any time. We can still be Friends !',	NULL,	'1537181879_1521179856gnu2.jpg',	'2018-09-01 00:00:00',	'2018-09-30 00:00:00'),
(6,	NULL,	NULL,	'2018-09-17 05:30:43',	'2018-09-17 05:30:43',	4,	'Slider',	'Image',	NULL,	'1537182034_1521179856gnu2.jpg',	'2018-09-07 00:00:00',	'2018-09-29 00:00:00');

DROP TABLE IF EXISTS `streams`;
CREATE TABLE `streams` (
  `id` int(10) unsigned NOT NULL AUTO_INCREMENT,
  `creator_id` int(10) unsigned DEFAULT NULL,
  `updater_id` int(10) unsigned DEFAULT NULL,
  `created_at` timestamp NULL DEFAULT NULL,
  `updated_at` timestamp NULL DEFAULT NULL,
  `deleted_at` timestamp NULL DEFAULT NULL,
  `name` varchar(191) COLLATE utf8mb4_unicode_ci NOT NULL COMMENT 'stream name.',
  `description` longtext COLLATE utf8mb4_unicode_ci DEFAULT NULL COMMENT 'stream description.',
  `priority` int(10) unsigned NOT NULL DEFAULT 0,
  `slug` longtext COLLATE utf8mb4_unicode_ci DEFAULT NULL,
  PRIMARY KEY (`id`),
  UNIQUE KEY `streams_name_unique` (`name`)
) ENGINE=InnoDB DEFAULT CHARSET=utf8mb4 COLLATE=utf8mb4_unicode_ci;

INSERT INTO `streams` (`id`, `creator_id`, `updater_id`, `created_at`, `updated_at`, `deleted_at`, `name`, `description`, `priority`, `slug`) VALUES
(1,	NULL,	NULL,	'2018-09-14 07:22:41',	'2018-09-14 07:22:41',	NULL,	'Electronics and Communications Engineering (ECE)',	NULL,	0,	'electronics-and-communications-engineering-ece'),
(2,	NULL,	NULL,	'2018-09-14 07:22:41',	'2018-09-14 07:22:41',	NULL,	'Computer Science and Engineering (CSE)',	NULL,	0,	'computer-science-and-engineering-cse'),
(3,	NULL,	NULL,	'2018-09-14 07:22:41',	'2018-09-14 07:22:41',	NULL,	'Electrical Engineering (EE)',	NULL,	0,	'electrical-engineering-ee'),
(4,	NULL,	NULL,	'2018-09-14 07:22:41',	'2018-09-14 07:22:41',	NULL,	'Fashion',	NULL,	0,	'fashion'),
(5,	NULL,	NULL,	'2018-09-14 07:22:41',	'2018-09-14 07:22:41',	NULL,	'Information Technology (IT)',	NULL,	0,	'information-technology-it'),
(6,	NULL,	NULL,	'2018-09-14 07:22:41',	'2018-09-14 07:22:41',	NULL,	'Botany',	NULL,	0,	'botany'),
(7,	NULL,	NULL,	'2018-09-14 07:22:41',	'2018-09-14 07:22:41',	NULL,	'Zoology',	NULL,	0,	'zoology'),
(8,	NULL,	NULL,	'2018-09-14 07:22:41',	'2018-09-14 07:22:41',	NULL,	'Mechanical Engineering (ME)',	NULL,	0,	'mechanical-engineering-me'),
(9,	NULL,	NULL,	'2018-09-14 07:22:41',	'2018-09-14 07:22:41',	NULL,	'Interior and Furniture',	NULL,	0,	'interior-and-furniture'),
(10,	NULL,	NULL,	'2018-09-14 07:22:41',	'2018-09-14 07:22:41',	NULL,	'Product and Industrial',	NULL,	0,	'product-and-industrial'),
(11,	NULL,	NULL,	'2018-09-14 07:22:41',	'2018-09-14 07:22:41',	NULL,	'Food Technology',	NULL,	0,	'food-technology'),
(12,	NULL,	NULL,	'2018-09-14 07:22:41',	'2018-09-14 07:22:41',	NULL,	'Mathematics',	NULL,	0,	'mathematics'),
(13,	NULL,	NULL,	'2018-09-14 07:22:41',	'2018-09-14 07:22:41',	NULL,	'Chemistry',	NULL,	0,	'chemistry'),
(14,	NULL,	NULL,	'2018-09-14 07:36:26',	'2018-09-14 07:36:26',	NULL,	'Designed as a skill enable program, the students actually learn by doing and progress from basics to higher order skills like installation, maintenance and troubleshooting of electronic equip',	NULL,	0,	'designed-as-a-skill-enable-program-the-students-actually-learn-by-doing-and-progress-from-basics-to-higher-order-skills-like-installation-maintenance-and-troubleshooting-of-electronic-equipment-diploma-graduates-can-start-entrepreneurial-ventures-or-can-pursue-higher-studies');

DROP TABLE IF EXISTS `system_logs`;
CREATE TABLE `system_logs` (
  `id` int(10) unsigned NOT NULL AUTO_INCREMENT,
  `creator_id` int(10) unsigned DEFAULT NULL,
  `updater_id` int(10) unsigned DEFAULT NULL,
  `created_at` timestamp NULL DEFAULT NULL,
  `updated_at` timestamp NULL DEFAULT NULL,
  `deleted_at` timestamp NULL DEFAULT NULL,
  `description` longtext COLLATE utf8mb4_unicode_ci NOT NULL COMMENT 'Description content.',
  `institute_id` int(11) NOT NULL COMMENT 'institutes table foreign key.',
  PRIMARY KEY (`id`),
  KEY `system_logs_institute_id_index` (`institute_id`)
) ENGINE=InnoDB DEFAULT CHARSET=utf8mb4 COLLATE=utf8mb4_unicode_ci;


DROP TABLE IF EXISTS `teaching_staff`;
CREATE TABLE `teaching_staff` (
  `id` int(10) unsigned NOT NULL AUTO_INCREMENT,
  `creator_id` int(10) unsigned DEFAULT NULL,
  `updater_id` int(10) unsigned DEFAULT NULL,
  `created_at` timestamp NULL DEFAULT NULL,
  `updated_at` timestamp NULL DEFAULT NULL,
  `name` varchar(191) COLLATE utf8mb4_unicode_ci NOT NULL,
  `qualification` varchar(191) COLLATE utf8mb4_unicode_ci NOT NULL,
  `research_area` longtext COLLATE utf8mb4_unicode_ci DEFAULT NULL,
  `designation` varchar(191) COLLATE utf8mb4_unicode_ci NOT NULL,
  `office_phone` longtext COLLATE utf8mb4_unicode_ci NOT NULL,
  `cabin_no` varchar(191) COLLATE utf8mb4_unicode_ci NOT NULL,
  `email` varchar(191) COLLATE utf8mb4_unicode_ci NOT NULL,
  `profile_description` longtext COLLATE utf8mb4_unicode_ci DEFAULT NULL,
  `teaching_experience` varchar(191) COLLATE utf8mb4_unicode_ci NOT NULL,
  `industry_experience` varchar(191) COLLATE utf8mb4_unicode_ci DEFAULT NULL,
  `institute_experience` varchar(191) COLLATE utf8mb4_unicode_ci DEFAULT NULL,
  `contact` longtext CHARACTER SET utf8mb4 COLLATE utf8mb4_bin DEFAULT NULL,
  `specialization` longtext CHARACTER SET utf8mb4 COLLATE utf8mb4_bin DEFAULT NULL,
  `hobbies` longtext COLLATE utf8mb4_unicode_ci DEFAULT NULL,
  `achievements` longtext COLLATE utf8mb4_unicode_ci DEFAULT NULL,
  `publications` longtext CHARACTER SET utf8mb4 COLLATE utf8mb4_bin DEFAULT NULL,
  `graduation` longtext CHARACTER SET utf8mb4 COLLATE utf8mb4_bin DEFAULT NULL,
  `project_guide` longtext CHARACTER SET utf8mb4 COLLATE utf8mb4_bin DEFAULT NULL,
  `media_id` int(11) NOT NULL,
  PRIMARY KEY (`id`)
) ENGINE=InnoDB DEFAULT CHARSET=utf8mb4 COLLATE=utf8mb4_unicode_ci;


DROP TABLE IF EXISTS `templates`;
CREATE TABLE `templates` (
  `id` int(10) unsigned NOT NULL AUTO_INCREMENT,
  `creator_id` int(10) unsigned DEFAULT NULL,
  `updater_id` int(10) unsigned DEFAULT NULL,
  `created_at` timestamp NULL DEFAULT NULL,
  `updated_at` timestamp NULL DEFAULT NULL,
  `deleted_at` timestamp NULL DEFAULT NULL,
  `name` varchar(191) COLLATE utf8mb4_unicode_ci NOT NULL COMMENT 'Template Name.',
  `path` varchar(191) COLLATE utf8mb4_unicode_ci NOT NULL COMMENT 'Template Path.',
  `mobile` longtext COLLATE utf8mb4_unicode_ci NOT NULL,
  PRIMARY KEY (`id`)
) ENGINE=InnoDB DEFAULT CHARSET=utf8mb4 COLLATE=utf8mb4_unicode_ci;


DROP TABLE IF EXISTS `types`;
CREATE TABLE `types` (
  `id` int(10) unsigned NOT NULL AUTO_INCREMENT,
  `creator_id` int(10) unsigned DEFAULT NULL,
  `updater_id` int(10) unsigned DEFAULT NULL,
  `created_at` timestamp NULL DEFAULT NULL,
  `updated_at` timestamp NULL DEFAULT NULL,
  `deleted_at` timestamp NULL DEFAULT NULL,
  `name` varchar(191) COLLATE utf8mb4_unicode_ci NOT NULL COMMENT 'Type name.',
  `alias` varchar(191) COLLATE utf8mb4_unicode_ci NOT NULL COMMENT 'Alias which will be used in coding.',
  PRIMARY KEY (`id`)
) ENGINE=InnoDB DEFAULT CHARSET=utf8mb4 COLLATE=utf8mb4_unicode_ci;


DROP TABLE IF EXISTS `users`;
CREATE TABLE `users` (
  `id` int(10) unsigned NOT NULL AUTO_INCREMENT COMMENT 'Unique auto-increment number.',
  `creator_id` int(10) unsigned DEFAULT NULL COMMENT 'Id of user who has created the record.',
  `updater_id` int(10) unsigned DEFAULT NULL COMMENT 'Id of user who has updated the record.',
  `created_at` timestamp NULL DEFAULT NULL,
  `updated_at` timestamp NULL DEFAULT NULL,
  `deleted_at` timestamp NULL DEFAULT NULL,
  `role_id` int(11) NOT NULL COMMENT 'roles table foreign key.',
  `username` varchar(191) COLLATE utf8mb4_unicode_ci NOT NULL COMMENT 'Username.',
  `name` varchar(191) COLLATE utf8mb4_unicode_ci NOT NULL COMMENT 'User Fullname.',
  `email` varchar(191) COLLATE utf8mb4_unicode_ci NOT NULL COMMENT 'User email.',
  `password` varchar(191) COLLATE utf8mb4_unicode_ci NOT NULL COMMENT 'User password',
  `remember_token` varchar(100) COLLATE utf8mb4_unicode_ci DEFAULT NULL,
  PRIMARY KEY (`id`),
  UNIQUE KEY `users_email_unique` (`email`),
  KEY `users_role_id_index` (`role_id`)
) ENGINE=InnoDB DEFAULT CHARSET=utf8mb4 COLLATE=utf8mb4_unicode_ci COMMENT='List of system users.';


-- 2018-09-18 04:04:40
